1,2.111111111,0.321428571,0.678571429,0.364583333,0.126953125,0.071614583,0.022786458,0.013020833,0.013020833,0.009765625,0.003255208,0,0,0.413851351,0.112612613,0.073198198,0.008445946,0.002815315,0.011261261,0,0.002815315,0,0,0.769230769,0,0,0,0,0,0,0,0,0,0.526315789,0,0,0,0,0,0,0,0,0,21.33333333,24.66666667,0.463768116,0.536231884,0
1.888888889,0.888888889,0.68,0.32,0.405783582,0.093283582,0.041977612,0.046641791,0.018656716,0.004664179,0.009328358,0.004664179,0,0,0.31988189,0.123031496,0.073818898,0.078740157,0.01476378,0.00492126,0.00984252,0,0,0,0.769230769,0,0,0,0,0,0,0,0,0,0.526315789,0,0,0,0,0,0,0,0,0,14.88888889,14.11111111,0.513409962,0.486590038,0
0.777777778,2,0.28,0.72,0.453767123,0.077054795,0.034246575,0.034246575,0.008561644,0,0.017123288,0,0,0,0.410714286,0.165178571,0.044642857,0.004464286,0,0,0,0,0,0,0.748155954,0.021074816,0,0,0,0,0,0,0,0,0.526315789,0,0,0,0,0,0,0,0,0,8.111111111,15.55555556,0.342723005,0.657276995,0
1,1.111111111,0.473684211,0.526315789,0.520833333,0.052083333,0.020833333,0.010416667,0.010416667,0,0,0.010416667,0,0,0.518867925,0.08254717,0.023584906,0,0,0,0,0,0,0,0.756410256,0.012820513,0,0,0,0,0,0,0,0,0.526315789,0,0,0,0,0,0,0,0,0,6.666666667,5.888888889,0.530973451,0.469026549,0
1.666666667,1,0.625,0.375,0.422453704,0.104166667,0.069444444,0.017361111,0,0.005787037,0,0.005787037,0,0,0.457848837,0.123546512,0.021802326,0.007267442,0,0,0.007267442,0.007267442,0,0,0.769230769,0,0,0,0,0,0,0,0,0,0.526315789,0,0,0,0,0,0,0,0,0,12,9.555555556,0.556701031,0.443298969,0
2.222222222,0.666666667,0.769230769,0.230769231,0.560344828,0.050287356,0,0.007183908,0,0,0.007183908,0,0,0,0.550595238,0.029761905,0.014880952,0.029761905,0,0,0,0,0,0,0.769230769,0,0,0,0,0,0,0,0,0,0.526315789,0,0,0,0,0,0,0,0,0,9.666666667,4.666666667,0.674418605,0.325581395,0
2.857142857,0.714285714,0.8,0.2,0.477099237,0.071564885,0.023854962,0.004770992,0.009541985,0.009541985,0.019083969,0.009541985,0,0,0.501760563,0.070422535,0.008802817,0,0.035211268,0,0.008802817,0,0,0,0.769230769,0,0,0,0,0,0,0,0,0,0.526315789,0,0,0,0,0,0,0,0,0,18.71428571,10.14285714,0.648514851,0.351485149,0
2.571428571,1.285714286,0.666666667,0.333333333,0.400943396,0.125786164,0.031446541,0.003930818,0.019654088,0.019654088,0.003930818,0.003930818,0.007861635,0.007861635,0.511363636,0.039772727,0.017045455,0.011363636,0.017045455,0.005681818,0,0.005681818,0.005681818,0.011363636,0.769230769,0,0,0,0,0,0,0,0,0,0.526315789,0,0,0,0,0,0,0,0,0,22.71428571,15.71428571,0.591078067,0.408921933,0
3.857142857,0.285714286,0.931034483,0.068965517,0.442139738,0.09279476,0.032751092,0.016375546,0.008187773,0.016375546,0,0.005458515,0.002729258,0.008187773,0.458715596,0.080275229,0.017201835,0.01146789,0.005733945,0,0.02293578,0.005733945,0.017201835,0.005733945,0.769230769,0,0,0,0,0,0,0,0,0,0.526315789,0,0,0,0,0,0,0,0,0,32.71428571,15.57142857,0.677514793,0.322485207,0
3.571428571,0.428571429,0.892857143,0.107142857,0.388888889,0.107638889,0.038194444,0.020833333,0.017361111,0.020833333,0.010416667,0.006944444,0.010416667,0.003472222,0.438218391,0.093390805,0.03591954,0.028735632,0.014367816,0,0.014367816,0,0,0,0.769230769,0,0,0,0,0,0,0,0,0,0.526315789,0,0,0,0,0,0,0,0,0,25.71428571,12.42857143,0.674157303,0.325842697,0
2.142857143,1.571428571,0.576923077,0.423076923,0.432291667,0.088541667,0.036458333,0.020833333,0.015625,0.005208333,0.015625,0.005208333,0,0.005208333,0.44241573,0.112359551,0.03511236,0,0.014044944,0.007022472,0,0.007022472,0,0.007022472,0.769230769,0,0,0,0,0,0,0,0,0,0.526315789,0,0,0,0,0,0,0,0,0,17.14285714,12.71428571,0.574162679,0.425837321,0
2.142857143,1.285714286,0.625,0.375,0.477272727,0.079545455,0.022727273,0.011363636,0.022727273,0,0,0.011363636,0,0,0.479452055,0.11130137,0.017123288,0.008561644,0,0,0,0,0,0.008561644,0.769230769,0,0,0,0,0,0,0,0,0,0.526315789,0,0,0,0,0,0,0,0,0,15.71428571,10.42857143,0.601092896,0.398907104,0
1.666666667,1.333333333,0.555555556,0.444444444,0.298132184,0.150862069,0.050287356,0.05387931,0.021551724,0.014367816,0.025143678,0.010775862,0,0,0.342261905,0.093005952,0.066964286,0.026041667,0.048363095,0.022321429,0.014880952,0.011160714,0,0,0.769230769,0,0,0,0,0,0,0,0,0,0.526315789,0,0,0,0,0,0,0,0,0,19.33333333,18.66666667,0.50877193,0.49122807,0
1.333333333,1.555555556,0.461538462,0.538461538,0.39689781,0.155109489,0.031934307,0.013686131,0.009124088,0.009124088,0.009124088,0,0,0,0.526315789,0.079887218,0.009398496,0,0.004699248,0,0.004699248,0,0,0,0.769230769,0,0,0,0,0,0,0,0,0,0.526315789,0,0,0,0,0,0,0,0,0,15.22222222,14.77777778,0.507407407,0.492592593,0
1.777777778,1.333333333,0.571428571,0.428571429,0.374119718,0.088028169,0.066021127,0.013204225,0.030809859,0,0.030809859,0.022007042,0,0,0.325413223,0.108471074,0.108471074,0.015495868,0.025826446,0.010330579,0.010330579,0.020661157,0,0,0.769230769,0,0,0,0,0,0,0,0,0,0.526315789,0,0,0,0,0,0,0,0,0,15.77777778,13.44444444,0.539923954,0.460076046,0
1.111111111,1.333333333,0.454545455,0.545454545,0.416666667,0.040064103,0.072115385,0.040064103,0,0.040064103,0.008012821,0.008012821,0,0,0.355113636,0.007102273,0.021306818,0.014204545,0.049715909,0.042613636,0.106534091,0.028409091,0,0,0.769230769,0,0,0,0,0,0,0,0,0,0.526315789,0,0,0,0,0,0,0,0,0,8.666666667,9.777777778,0.469879518,0.530120482,0
2,0.666666667,0.75,0.25,0.484068627,0.067401961,0.036764706,0,0.012254902,0.012254902,0,0.012254902,0,0,0.439453125,0.107421875,0.01953125,0.029296875,0.009765625,0.01953125,0,0,0,0,0.769230769,0,0,0,0,0,0,0,0,0,0.526315789,0,0,0,0,0,0,0,0,0,11.33333333,7.111111111,0.614457831,0.385542169,0
2,0.666666667,0.75,0.25,0.418632075,0.129716981,0.011792453,0.023584906,0.005896226,0.011792453,0.017688679,0.005896226,0,0,0.386513158,0.106907895,0.098684211,0.008223684,0.008223684,0.008223684,0,0.008223684,0,0,0.769230769,0,0,0,0,0,0,0,0,0,0.526315789,0,0,0,0,0,0,0,0,0,11.77777778,8.444444444,0.582417582,0.417582418,0
3.142857143,0.714285714,0.814814815,0.185185185,0.409090909,0.136363636,0.034090909,0.022727273,0.011363636,0,0,0,0.011363636,0,0.39893617,0.079787234,0.106382979,0.026595745,0,0,0,0.013297872,0,0,0.769230769,0,0,0,0,0,0,0,0,0,0.526315789,0,0,0,0,0,0,0,0,0,15.71428571,6.714285714,0.700636943,0.299363057,0
2.714285714,1.142857143,0.703703704,0.296296296,0.419034091,0.102982955,0.031960227,0.010653409,0.014204545,0.017755682,0.007102273,0.010653409,0.007102273,0.003551136,0.476694915,0.095338983,0.015889831,0.00529661,0,0.015889831,0.00529661,0.01059322,0,0,0.769230769,0,0,0,0,0,0,0,0,0,0.526315789,0,0,0,0,0,0,0,0,0,25.14285714,16.85714286,0.598639456,0.401360544,0
2.571428571,1.285714286,0.666666667,0.333333333,0.360772358,0.12195122,0.055894309,0.045731707,0.010162602,0,0.005081301,0.010162602,0.015243902,0,0.388888889,0.118055556,0.069444444,0.027777778,0.013888889,0,0.006944444,0,0,0,0.769230769,0,0,0,0,0,0,0,0,0,0.526315789,0,0,0,0,0,0,0,0,0,17.57142857,12.85714286,0.577464789,0.422535211,0
3,0.285714286,0.913043478,0.086956522,0.392699115,0.121681416,0.038716814,0.01659292,0.011061947,0.01659292,0.011061947,0.005530973,0.005530973,0.005530973,0.492788462,0.024038462,0.048076923,0.036057692,0,0.012019231,0.012019231,0,0,0,0.769230769,0,0,0,0,0,0,0,0,0,0.526315789,0,0,0,0,0,0,0,0,0,16.14285714,7.428571429,0.684848485,0.315151515,0
3,0.714285714,0.807692308,0.192307692,0.406468531,0.109265734,0.026223776,0.034965035,0.017482517,0.008741259,0.008741259,0.008741259,0.004370629,0,0.5,0.0625,0.0125,0.01875,0.00625,0,0.00625,0.00625,0.00625,0.00625,0.769230769,0,0,0,0,0,0,0,0,0,0.526315789,0,0,0,0,0,0,0,0,0,20.42857143,14.28571429,0.588477366,0.411522634,0
2.571428571,1.142857143,0.692307692,0.307692308,0.424311927,0.086009174,0.02293578,0.028669725,0.017201835,0.02293578,0,0.01146789,0.005733945,0.005733945,0.456081081,0.109797297,0.008445946,0.008445946,0,0.008445946,0.016891892,0.008445946,0.008445946,0,0.769230769,0,0,0,0,0,0,0,0,0,0.526315789,0,0,0,0,0,0,0,0,0,15.57142857,10.57142857,0.595628415,0.404371585,0
2.714285714,1,0.730769231,0.269230769,0.488138686,0.068430657,0.022810219,0,0.018248175,0.009124088,0,0.004562044,0.004562044,0.009124088,0.524193548,0.060483871,0,0.01344086,0,0.01344086,0,0.01344086,0,0,0.769230769,0,0,0,0,0,0,0,0,0,0.526315789,0,0,0,0,0,0,0,0,0,19.57142857,13.28571429,0.595652174,0.404347826,0
2.428571429,0.571428571,0.80952381,0.19047619,0.368975904,0.075301205,0.030120482,0.037650602,0.00753012,0.015060241,0.030120482,0.022590361,0,0.037650602,0.359375,0.109375,0.140625,0,0.015625,0,0,0,0,0,0.769230769,0,0,0,0,0,0,0,0,0,0.526315789,0,0,0,0,0,0,0,0,0,11.85714286,5.714285714,0.674796748,0.325203252,0
2.142857143,0.571428571,0.789473684,0.210526316,0.339673913,0.108695652,0.027173913,0.108695652,0.013586957,0.027173913,0,0,0,0,0.260416667,0.208333333,0.052083333,0.052083333,0,0,0.052083333,0,0,0,0.752508361,0.016722408,0,0,0,0,0,0,0,0,0.394736842,0.087719298,0,0.043859649,0,0,0,0,0,0,6.571428571,1.714285714,0.793103448,0.206896552,0
1.857142857,1.714285714,0.52,0.48,0.297965116,0.07994186,0.109011628,0.021802326,0.014534884,0.043604651,0.007267442,0.014534884,0.007267442,0.029069767,0.416666667,0.128205128,0.032051282,0,0.016025641,0.008012821,0,0.024038462,0,0,0.769230769,0,0,0,0,0,0,0,0,0,0.526315789,0,0,0,0,0,0,0,0,0,12.28571429,11.14285714,0.524390244,0.475609756,0
2.142857143,1.857142857,0.535714286,0.464285714,0.336538462,0.088141026,0.032051282,0.032051282,0.040064103,0.016025641,0.040064103,0.024038462,0.016025641,0,0.214552239,0.121268657,0.111940299,0.065298507,0.055970149,0,0.037313433,0.018656716,0,0,0.769230769,0,0,0,0,0,0,0,0,0,0.526315789,0,0,0,0,0,0,0,0,0,11.14285714,9.571428571,0.537931034,0.462068966,0
2.857142857,1,0.740740741,0.259259259,0.238095238,0.102040816,0.080782313,0.06377551,0.029761905,0.029761905,0.029761905,0.025510204,0.017006803,0.008503401,0.29532967,0.144230769,0.068681319,0.054945055,0.027472527,0.013736264,0.006868132,0,0.013736264,0,0.769230769,0,0,0,0,0,0,0,0,0,0.526315789,0,0,0,0,0,0,0,0,0,21,13,0.617647059,0.382352941,0
1.285714286,2,0.391304348,0.608695652,0.130597015,0.167910448,0.069962687,0.083955224,0.023320896,0.037313433,0.037313433,0.018656716,0.023320896,0.032649254,0.053790984,0.102459016,0.12807377,0.12807377,0.105020492,0.071721311,0.017930328,0.010245902,0.005122951,0.002561475,0.769230769,0,0,0,0,0,0,0,0,0,0.526315789,0,0,0,0,0,0,0,0,0,19.14285714,34.85714286,0.354497354,0.645502646,0
3.142857143,1,0.75862069,0.24137931,0.113031915,0.17287234,0.113031915,0.096409574,0.029920213,0.019946809,0.039893617,0.026595745,0.006648936,0.006648936,0.104961832,0.16221374,0.176526718,0.095419847,0.042938931,0.009541985,0.014312977,0.009541985,0.004770992,0.004770992,0.769230769,0,0,0,0,0,0,0,0,0,0.526315789,0,0,0,0,0,0,0,0,0,26.85714286,18.71428571,0.589341693,0.410658307,0
2,1.714285714,0.538461538,0.461538462,0.210526316,0.098684211,0.138157895,0.092105263,0.046052632,0.013157895,0.006578947,0.013157895,0.006578947,0,0.3046875,0.21875,0.03125,0.0546875,0,0,0,0,0.015625,0,0.769230769,0,0,0,0,0,0,0,0,0,0.526315789,0,0,0,0,0,0,0,0,0,13.57142857,11.42857143,0.542857143,0.457142857,0
1.285714286,0.571428571,0.692307692,0.307692308,0.240384615,0.192307692,0.120192308,0.024038462,0.048076923,0,0,0,0,0,0.390625,0.15625,0,0.078125,0,0,0,0,0,0,0.680473373,0.088757396,0,0,0,0,0,0,0,0,0.460526316,0,0.065789474,0,0,0,0,0,0,0,3.714285714,1.142857143,0.764705882,0.235294118,0
3,1.142857143,0.724137931,0.275862069,0.224264706,0.113970588,0.066176471,0.033088235,0.055147059,0.036764706,0.033088235,0.007352941,0.033088235,0.022058824,0.170454545,0.265151515,0.119949495,0.025252525,0.012626263,0.012626263,0.006313131,0,0,0.012626263,0.769230769,0,0,0,0,0,0,0,0,0,0.526315789,0,0,0,0,0,0,0,0,0,24.28571429,14.14285714,0.63197026,0.36802974,0
2.857142857,0.571428571,0.833333333,0.166666667,0.435483871,0.084677419,0.032258065,0.044354839,0,0.012096774,0.004032258,0.004032258,0.008064516,0,0.498595506,0.063202247,0.014044944,0.014044944,0.007022472,0.014044944,0.007022472,0.007022472,0,0,0.769230769,0,0,0,0,0,0,0,0,0,0.526315789,0,0,0,0,0,0,0,0,0,22.14285714,12.71428571,0.635245902,0.364754098,0
1.222222222,2,0.379310345,0.620689655,0.350150602,0.079066265,0.075301205,0.033885542,0.033885542,0.018825301,0.022590361,0.011295181,0,0,0.355718085,0.099734043,0.13962766,0.019946809,0,0.009973404,0,0,0,0,0.769230769,0,0,0,0,0,0,0,0,0,0.526315789,0,0,0,0,0,0,0,0,0,18.44444444,20.88888889,0.468926554,0.531073446,0
1.444444444,1.888888889,0.433333333,0.566666667,0.359636872,0.108240223,0.104748603,0.031424581,0.00698324,0,0.01396648,0,0,0,0.342261905,0.145833333,0.095238095,0.020833333,0.005952381,0.005952381,0.005952381,0.00297619,0,0,0.769230769,0,0,0,0,0,0,0,0,0,0.526315789,0,0,0,0,0,0,0,0,0,19.88888889,23.33333333,0.460154242,0.539845758,0
1,1.888888889,0.346153846,0.653846154,0.302309783,0.135869565,0.064538043,0.047554348,0.03736413,0.027173913,0.010190217,0,0,0,0.325980392,0.107843137,0.083333333,0.053921569,0.026960784,0.017156863,0.009803922,0,0,0,0.769230769,0,0,0,0,0,0,0,0,0,0.526315789,0,0,0,0,0,0,0,0,0,20.44444444,28.33333333,0.419134396,0.580865604,0
1.222222222,1.111111111,0.523809524,0.476190476,0.457746479,0.061619718,0.035211268,0.026408451,0.026408451,0.017605634,0,0,0,0,0.478395062,0.061728395,0.030864198,0.023148148,0.007716049,0.007716049,0.015432099,0,0,0,0.769230769,0,0,0,0,0,0,0,0,0,0.526315789,0,0,0,0,0,0,0,0,0,7.888888889,9,0.467105263,0.532894737,0
1,1,0.5,0.5,0.451807229,0.112951807,0.045180723,0.00753012,0,0,0.00753012,0,0,0,0.42721519,0.094936709,0.039556962,0.007911392,0.023734177,0.015822785,0.015822785,0,0,0,0.769230769,0,0,0,0,0,0,0,0,0,0.526315789,0,0,0,0,0,0,0,0,0,9.222222222,8.777777778,0.512345679,0.487654321,0
1.777777778,1,0.64,0.36,0.44370229,0.109732824,0.019083969,0.014312977,0.014312977,0.004770992,0.009541985,0.009541985,0,0,0.520833333,0.034722222,0.011574074,0.011574074,0.017361111,0.023148148,0,0.005787037,0,0,0.769230769,0,0,0,0,0,0,0,0,0,0.526315789,0,0,0,0,0,0,0,0,0,14.55555556,12,0.548117155,0.451882845,0
2.285714286,1.428571429,0.615384615,0.384615385,0.483193277,0.057773109,0.031512605,0.010504202,0.021008403,0,0,0.015756303,0,0.005252101,0.505319149,0.026595745,0.013297872,0.033244681,0.033244681,0,0,0,0.006648936,0.006648936,0.769230769,0,0,0,0,0,0,0,0,0,0.526315789,0,0,0,0,0,0,0,0,0,17,13.42857143,0.558685446,0.441314554,0
0.444444444,0.444444444,0.5,0.5,0.333333333,0.041666667,0.208333333,0,0,0.041666667,0,0,0,0,0.357142857,0,0,0.089285714,0,0.044642857,0.089285714,0.044642857,0,0,0.461538462,0.153846154,0.102564103,0.051282051,0,0,0,0,0,0,0.30075188,0.07518797,0,0.15037594,0,0,0,0,0,0,1.666666667,1.555555556,0.517241379,0.482758621,0
2.571428571,1,0.72,0.28,0.454101563,0.063476563,0.0390625,0.014648438,0.024414063,0.014648438,0.009765625,0,0,0.004882813,0.423611111,0.090277778,0.041666667,0.034722222,0.020833333,0,0.013888889,0,0,0,0.769230769,0,0,0,0,0,0,0,0,0,0.526315789,0,0,0,0,0,0,0,0,0,18.28571429,12.85714286,0.587155963,0.412844037,0
3.571428571,0.428571429,0.892857143,0.107142857,0.451388889,0.05952381,0.044642857,0.01984127,0.009920635,0.004960317,0.014880952,0.004960317,0.009920635,0.004960317,0.497881356,0.084745763,0.031779661,0,0,0,0,0,0,0.01059322,0.769230769,0,0,0,0,0,0,0,0,0,0.526315789,0,0,0,0,0,0,0,0,0,18,8.428571429,0.681081081,0.318918919,0
2.571428571,0.857142857,0.75,0.25,0.403645833,0.130208333,0.032552083,0,0.006510417,0.01953125,0.01953125,0,0.013020833,0,0.386363636,0.125,0.068181818,0.011363636,0,0,0,0.022727273,0,0.011363636,0.769230769,0,0,0,0,0,0,0,0,0,0.526315789,0,0,0,0,0,0,0,0,0,13.71428571,7.857142857,0.635761589,0.364238411,0
3.142857143,0.857142857,0.785714286,0.214285714,0.426829268,0.12195122,0.005081301,0.010162602,0.015243902,0.020325203,0.005081301,0.005081301,0.010162602,0.005081301,0.399590164,0.102459016,0.040983607,0.030737705,0,0.010245902,0.030737705,0,0.010245902,0,0.769230769,0,0,0,0,0,0,0,0,0,0.526315789,0,0,0,0,0,0,0,0,0,17.57142857,8.714285714,0.668478261,0.331521739,0
1.857142857,1.142857143,0.619047619,0.380952381,0.3125,0.149739583,0.052083333,0.045572917,0.006510417,0.013020833,0.032552083,0.013020833,0,0,0.455357143,0.098214286,0.035714286,0.026785714,0,0.008928571,0,0,0,0,0.769230769,0,0,0,0,0,0,0,0,0,0.526315789,0,0,0,0,0,0,0,0,0,13.71428571,10,0.578313253,0.421686747,0
1.714285714,1.714285714,0.5,0.5,0.298076923,0.134615385,0.057692308,0.019230769,0.028846154,0.019230769,0.048076923,0,0,0.019230769,0.375,0.192307692,0.028846154,0.028846154,0,0,0,0,0,0,0.74556213,0.023668639,0,0,0,0,0,0,0,0,0.526315789,0,0,0,0,0,0,0,0,0,9.285714286,9.285714286,0.5,0.5,0
2.857142857,1,0.740740741,0.259259259,0.282426778,0.099372385,0.109832636,0.04707113,0.015690377,0.015690377,0.018305439,0.013075314,0.015690377,0.007845188,0.323275862,0.181034483,0.060344828,0.004310345,0.021551724,0.017241379,0.00862069,0,0.00862069,0,0.769230769,0,0,0,0,0,0,0,0,0,0.526315789,0,0,0,0,0,0,0,0,0,34.14285714,20.71428571,0.622395833,0.377604167,0
2.571428571,1.428571429,0.642857143,0.357142857,0.370145631,0.112257282,0.05461165,0.036407767,0.027305825,0.009101942,0.009101942,0.003033981,0,0.003033981,0.392530488,0.080030488,0.076219512,0.030487805,0.022865854,0.011432927,0.011432927,0,0,0,0.769230769,0,0,0,0,0,0,0,0,0,0.526315789,0,0,0,0,0,0,0,0,0,29.42857143,23.42857143,0.556756757,0.443243243,0
2.857142857,1.142857143,0.714285714,0.285714286,0.445,0.065,0.03,0.015,0.025,0.01,0.01,0.005,0.02,0,0.491666667,0.05,0.016666667,0.008333333,0.008333333,0.008333333,0,0.025,0.008333333,0.008333333,0.769230769,0,0,0,0,0,0,0,0,0,0.526315789,0,0,0,0,0,0,0,0,0,17.85714286,10.71428571,0.625,0.375,0
2.857142857,0.857142857,0.769230769,0.230769231,0.364263804,0.115030675,0.042177914,0.049846626,0.015337423,0.011503067,0.007668712,0.007668712,0.003834356,0.007668712,0.418632075,0.129716981,0.005896226,0.029481132,0.017688679,0.011792453,0,0,0,0.011792453,0.769230769,0,0,0,0,0,0,0,0,0,0.526315789,0,0,0,0,0,0,0,0,0,23.28571429,15.14285714,0.605947955,0.394052045,0
2.625,0.125,0.954545455,0.045454545,0.390625,0.102163462,0.036057692,0.018028846,0.036057692,0.018028846,0.018028846,0.006009615,0,0,0.416666667,0.089285714,0.044642857,0,0,0.044642857,0,0.029761905,0,0,0.769230769,0,0,0,0,0,0,0,0,0,0.501253133,0.025062657,0,0,0,0,0,0,0,0,13,5.25,0.712328767,0.287671233,0
2.375,0.625,0.791666667,0.208333333,0.447635135,0.067567568,0.067567568,0,0.016891892,0.008445946,0.008445946,0.008445946,0,0,0.482142857,0.125,0,0.017857143,0,0,0,0,0,0,0.758835759,0.01039501,0,0,0,0,0,0,0,0,0.526315789,0,0,0,0,0,0,0,0,0,9.25,4.375,0.678899083,0.321100917,0
2.5,0.625,0.8,0.2,0.385802469,0.084876543,0.069444444,0.023148148,0.023148148,0.023148148,0.007716049,0,0.007716049,0,0.461956522,0.122282609,0.027173913,0.013586957,0,0,0,0,0,0,0.759734093,0.009496676,0,0,0,0,0,0,0,0,0.526315789,0,0,0,0,0,0,0,0,0,10.125,5.75,0.637795276,0.362204724,0
2.375,1,0.703703704,0.296296296,0.344101124,0.112359551,0.070224719,0.042134831,0.03511236,0.007022472,0.007022472,0,0.007022472,0,0.494186047,0.043604651,0,0,0.043604651,0.029069767,0.014534884,0,0,0,0.769230769,0,0,0,0,0,0,0,0,0,0.514075887,0.012239902,0,0,0,0,0,0,0,0,11.125,5.375,0.674242424,0.325757576,0
2.5,0.375,0.869565217,0.130434783,0.355902778,0.104166667,0.043402778,0.052083333,0.026041667,0.008680556,0.026041667,0,0.008680556,0,0.425,0.05,0.05,0.025,0,0.025,0,0.05,0,0,0.758547009,0.010683761,0,0,0,0,0,0,0,0,0.463157895,0.042105263,0.021052632,0,0,0,0,0,0,0,9,3.125,0.742268041,0.257731959,0
1.875,0.75,0.714285714,0.285714286,0.416666667,0.075,0.016666667,0.008333333,0.033333333,0.033333333,0.025,0.008333333,0.008333333,0,0.505319149,0.066489362,0.013297872,0,0,0.013297872,0,0,0.026595745,0,0.758974359,0.01025641,0,0,0,0,0,0,0,0,0.503919373,0.022396417,0,0,0,0,0,0,0,0,9.375,5.875,0.614754098,0.385245902,0
3.25,0,1,0,0.414473684,0.065789474,0.052631579,0.013157895,0.006578947,0.026315789,0.019736842,0.013157895,0.013157895,0,0.458333333,0.104166667,0.020833333,0,0,0.020833333,0.020833333,0,0,0,0.769230769,0,0,0,0,0,0,0,0,0,0.49122807,0.035087719,0,0,0,0,0,0,0,0,11.875,3.75,0.76,0.24,0
2.625,0.375,0.875,0.125,0.335820896,0.121268657,0.037313433,0.027985075,0.046641791,0.037313433,0.009328358,0.009328358,0,0,0.383064516,0.141129032,0,0,0.02016129,0.02016129,0,0.060483871,0,0,0.757749713,0.011481056,0,0,0,0,0,0,0,0,0.458404075,0.067911715,0,0,0,0,0,0,0,0,8.375,3.875,0.683673469,0.316326531,0
2.25,0.25,0.9,0.1,0.381355932,0.137711864,0.042372881,0.021186441,0.021186441,0.021186441,0,0,0,0,0.3125,0.255681818,0,0,0.028409091,0.028409091,0,0,0,0,0.769230769,0,0,0,0,0,0,0,0,0,0.4784689,0.04784689,0,0,0,0,0,0,0,0,7.375,2.75,0.728395062,0.271604938,0
2.125,0.75,0.739130435,0.260869565,0.430555556,0.083333333,0.034722222,0.013888889,0.013888889,0.013888889,0.006944444,0.027777778,0,0,0.492788462,0.060096154,0.036057692,0,0,0.012019231,0,0.024038462,0,0,0.769230769,0,0,0,0,0,0,0,0,0,0.526315789,0,0,0,0,0,0,0,0,0,11.25,6.5,0.633802817,0.366197183,0
2.25,1,0.692307692,0.307692308,0.412946429,0.066964286,0.066964286,0.011160714,0.022321429,0.022321429,0.011160714,0.005580357,0.005580357,0,0.444277108,0.052710843,0.00753012,0.022590361,0.060240964,0.022590361,0,0.015060241,0,0,0.769230769,0,0,0,0,0,0,0,0,0,0.526315789,0,0,0,0,0,0,0,0,0,14,10.375,0.574358974,0.425641026,0
1.875,1.375,0.576923077,0.423076923,0.366847826,0.142663043,0.054347826,0.013586957,0.013586957,0.013586957,0.006793478,0.006793478,0.006793478,0,0.292721519,0.237341772,0.039556962,0.015822785,0.007911392,0.015822785,0.015822785,0,0,0,0.769230769,0,0,0,0,0,0,0,0,0,0.526315789,0,0,0,0,0,0,0,0,0,11.5,9.875,0.538011696,0.461988304,0
1.375,1.375,0.5,0.5,0.366071429,0.098214286,0.071428571,0.026785714,0.008928571,0.017857143,0.017857143,0.017857143,0,0,0.475352113,0.070422535,0.017605634,0.026408451,0.026408451,0,0.008802817,0,0,0,0.747252747,0.021978022,0,0,0,0,0,0,0,0,0.526315789,0,0,0,0,0,0,0,0,0,8.75,8.875,0.496453901,0.503546099,0
1.25,1.625,0.434782609,0.565217391,0.429216867,0.067771084,0.052710843,0.037650602,0.00753012,0.015060241,0.00753012,0,0.00753012,0,0.490591398,0.067204301,0.02016129,0.02688172,0.01344086,0,0.00672043,0,0,0,0.769230769,0,0,0,0,0,0,0,0,0,0.526315789,0,0,0,0,0,0,0,0,0,10.375,11.625,0.471590909,0.528409091,0
1.375,1.5,0.47826087,0.52173913,0.391949153,0.127118644,0.01059322,0.042372881,0,0.042372881,0,0,0.01059322,0,0.460526316,0.087719298,0.010964912,0.032894737,0,0,0,0.032894737,0,0,0.75619296,0.01303781,0,0,0,0,0,0,0,0,0.526315789,0,0,0,0,0,0,0,0,0,7.375,7.125,0.50862069,0.49137931,0
1.25,0.875,0.588235294,0.411764706,0.406976744,0.11627907,0.029069767,0.043604651,0.029069767,0,0,0,0,0,0.46875,0.056818182,0.042613636,0.042613636,0,0,0.014204545,0,0,0,0.769230769,0,0,0,0,0,0,0,0,0,0.526315789,0,0,0,0,0,0,0,0,0,5.375,5.5,0.494252874,0.505747126,0
2,1.5,0.571428571,0.428571429,0.449029126,0.115291262,0.030339806,0.006067961,0.012135922,0.012135922,0,0,0,0,0.416666667,0.123697917,0.0390625,0.032552083,0.006510417,0,0,0,0.006510417,0,0.769230769,0,0,0,0,0,0,0,0,0,0.526315789,0,0,0,0,0,0,0,0,0,12.875,12,0.51758794,0.48241206,0
2.125,0.375,0.85,0.15,0.409482759,0.122126437,0.021551724,0.028735632,0.007183908,0.021551724,0,0.014367816,0,0,0.399305556,0.086805556,0.052083333,0.017361111,0.034722222,0,0.034722222,0,0,0,0.769230769,0,0,0,0,0,0,0,0,0,0.497076023,0.029239766,0,0,0,0,0,0,0,0,10.875,4.5,0.707317073,0.292682927,0
0.75,2.125,0.260869565,0.739130435,0.298913043,0.163043478,0.054347826,0.04076087,0.04076087,0,0.013586957,0.013586957,0,0,0.3828125,0.15625,0.0625,0.0078125,0.0078125,0.0078125,0,0,0,0,0.735785953,0.033444816,0,0,0,0,0,0,0,0,0.526315789,0,0,0,0,0,0,0,0,0,5.75,10,0.365079365,0.634920635,0
0.875,1.75,0.333333333,0.666666667,0.339673913,0.149456522,0.027173913,0.04076087,0.027173913,0,0.013586957,0.027173913,0,0,0.404411765,0.134803922,0.036764706,0.012254902,0.024509804,0.012254902,0,0,0,0,0.719063545,0.050167224,0,0,0,0,0,0,0,0,0.526315789,0,0,0,0,0,0,0,0,0,5.75,6.375,0.474226804,0.525773196,0
0.375,2,0.157894737,0.842105263,0.291666667,0.104166667,0.041666667,0.0625,0,0.041666667,0,0.083333333,0,0,0.307017544,0.120614035,0.120614035,0.032894737,0.010964912,0.021929825,0,0,0.010964912,0,0.58974359,0.076923077,0.102564103,0,0,0,0,0,0,0,0.526315789,0,0,0,0,0,0,0,0,0,3.75,7.125,0.344827586,0.655172414,0
0.375,2.5,0.130434783,0.869565217,0.509259259,0.069444444,0.046296296,0,0,0,0,0,0,0,0.482142857,0.071428571,0.044642857,0.017857143,0,0,0.008928571,0,0,0,0.740740741,0.028490028,0,0,0,0,0,0,0,0,0.526315789,0,0,0,0,0,0,0,0,0,3.375,8.75,0.278350515,0.721649485,0
1.125,1.125,0.5,0.5,0.45,0.1125,0.0375,0,0.0125,0.0125,0,0,0,0,0.452586207,0.086206897,0.05387931,0.010775862,0.010775862,0.010775862,0,0,0,0,0.753846154,0.015384615,0,0,0,0,0,0,0,0,0.526315789,0,0,0,0,0,0,0,0,0,6.25,7.25,0.462962963,0.537037037,0
1.125,2.375,0.321428571,0.678571429,0.3828125,0.1015625,0.0859375,0.015625,0,0.03125,0,0.0078125,0,0,0.27892562,0.129132231,0.191115702,0.020661157,0.005165289,0,0,0,0,0,0.769230769,0,0,0,0,0,0,0,0,0,0.526315789,0,0,0,0,0,0,0,0,0,10,15.125,0.39800995,0.60199005,0
1.625,1.25,0.565217391,0.434782609,0.407986111,0.095486111,0.043402778,0,0.043402778,0.008680556,0.017361111,0.008680556,0,0,0.462962963,0.069444444,0.011574074,0.034722222,0,0.011574074,0.011574074,0.023148148,0,0,0.769230769,0,0,0,0,0,0,0,0,0,0.526315789,0,0,0,0,0,0,0,0,0,9,6.75,0.571428571,0.428571429,0
1.125,2.25,0.333333333,0.666666667,0.351941748,0.097087379,0.072815534,0.05461165,0.012135922,0.024271845,0,0.012135922,0,0,0.459280303,0.047348485,0.071022727,0.014204545,0.018939394,0.004734848,0,0.009469697,0,0,0.769230769,0,0,0,0,0,0,0,0,0,0.526315789,0,0,0,0,0,0,0,0,0,12.875,16.5,0.438297872,0.561702128,0
1.875,1.375,0.576923077,0.423076923,0.437992126,0.093503937,0.039370079,0.024606299,0.00492126,0.00492126,0.00492126,0.00492126,0.00984252,0,0.420353982,0.077433628,0.027654867,0.011061947,0.011061947,0.005530973,0.01659292,0.027654867,0.027654867,0,0.769230769,0,0,0,0,0,0,0,0,0,0.526315789,0,0,0,0,0,0,0,0,0,15.875,14.125,0.529166667,0.470833333,0
2,1,0.666666667,0.333333333,0.305921053,0.157894737,0.0625,0.039473684,0.016447368,0.009868421,0.016447368,0.009868421,0.006578947,0,0.353860294,0.114889706,0.036764706,0.027573529,0.027573529,0.013786765,0.022977941,0.018382353,0.009191176,0,0.769230769,0,0,0,0,0,0,0,0,0,0.526315789,0,0,0,0,0,0,0,0,0,23.75,17,0.582822086,0.417177914,0
1.75,1.75,0.5,0.5,0.352348993,0.130033557,0.037751678,0.029362416,0.033557047,0.016778523,0.012583893,0.008389262,0.004194631,0,0.404874214,0.113993711,0.035377358,0.019654088,0.019654088,0.011792453,0.007861635,0.011792453,0,0,0.769230769,0,0,0,0,0,0,0,0,0,0.526315789,0,0,0,0,0,0,0,0,0,18.625,19.875,0.483766234,0.516233766,0
2.25,1.125,0.666666667,0.333333333,0.3125,0.1375,0.05,0.045833333,0.033333333,0.016666667,0.004166667,0.016666667,0.008333333,0,0.378289474,0.076754386,0.049342105,0.049342105,0.032894737,0.016447368,0.016447368,0,0.005482456,0,0.769230769,0,0,0,0,0,0,0,0,0,0.526315789,0,0,0,0,0,0,0,0,0,18.75,14.25,0.568181818,0.431818182,0
0.625,2.25,0.217391304,0.782608696,0.389150943,0.08254717,0.058962264,0.017688679,0.029481132,0.017688679,0.005896226,0.011792453,0.011792453,0,0.409172662,0.080935252,0.03147482,0.035971223,0.013489209,0.03147482,0.017985612,0,0.004496403,0,0.769230769,0,0,0,0,0,0,0,0,0,0.526315789,0,0,0,0,0,0,0,0,0,13.25,17.375,0.432653061,0.567346939,0
1.125,2.25,0.333333333,0.666666667,0.324074074,0.134259259,0.050925926,0.041666667,0.023148148,0.023148148,0.00462963,0.009259259,0.013888889,0,0.322580645,0.124327957,0.036962366,0.043682796,0.033602151,0.023521505,0.01344086,0.01344086,0.01344086,0,0.769230769,0,0,0,0,0,0,0,0,0,0.526315789,0,0,0,0,0,0,0,0,0,16.875,23.25,0.420560748,0.579439252,0
0.625,2.625,0.192307692,0.807692308,0.337701613,0.151209677,0.055443548,0.035282258,0.02016129,0.025201613,0,0,0,0,0.325797872,0.103058511,0.053191489,0.033244681,0.026595745,0.033244681,0.01662234,0.023271277,0.009973404,0,0.769230769,0,0,0,0,0,0,0,0,0,0.526315789,0,0,0,0,0,0,0,0,0,15.5,23.5,0.397435897,0.602564103,0
0.875,2.625,0.25,0.75,0.349462366,0.134408602,0.053763441,0.053763441,0.02016129,0,0,0.01344086,0,0,0.349506579,0.127467105,0.041118421,0.028782895,0.020559211,0.016447368,0.032894737,0.008223684,0,0,0.769230769,0,0,0,0,0,0,0,0,0,0.526315789,0,0,0,0,0,0,0,0,0,11.625,19,0.379591837,0.620408163,0
0.875,2.75,0.24137931,0.75862069,0.345238095,0.125,0.077380952,0.041666667,0.011904762,0.011904762,0.005952381,0.005952381,0,0,0.253267974,0.126633987,0.081699346,0.040849673,0.049019608,0.020424837,0.016339869,0.024509804,0.012254902,0,0.769230769,0,0,0,0,0,0,0,0,0,0.526315789,0,0,0,0,0,0,0,0,0,13.125,19.125,0.406976744,0.593023256,0
1.375,1.875,0.423076923,0.576923077,0.340909091,0.170454545,0.042613636,0.042613636,0,0,0.007102273,0.021306818,0,0,0.331521739,0.092391304,0.059782609,0.054347826,0.016304348,0.027173913,0.032608696,0,0.010869565,0,0.769230769,0,0,0,0,0,0,0,0,0,0.526315789,0,0,0,0,0,0,0,0,0,11,14.375,0.433497537,0.566502463,0
2.5,0.875,0.740740741,0.259259259,0.294312169,0.181878307,0.05952381,0.03968254,0.016534392,0.016534392,0.006613757,0.006613757,0.003306878,0,0.362149533,0.105140187,0.058411215,0.029205607,0.029205607,0.011682243,0.023364486,0.005841121,0,0,0.769230769,0,0,0,0,0,0,0,0,0,0.526315789,0,0,0,0,0,0,0,0,0,23.625,13.375,0.638513514,0.361486486,0
2.875,0.5,0.851851852,0.148148148,0.316780822,0.139840183,0.077054795,0.028538813,0.019977169,0.014269406,0.011415525,0.014269406,0.002853881,0,0.372706422,0.103211009,0.04587156,0.02293578,0.017201835,0.017201835,0.028669725,0.01146789,0.005733945,0,0.769230769,0,0,0,0,0,0,0,0,0,0.526315789,0,0,0,0,0,0,0,0,0,27.375,13.625,0.667682927,0.332317073,0
2.625,0.875,0.75,0.25,0.386740331,0.13121547,0.034530387,0.031077348,0.013812155,0.017265193,0.003453039,0.006906077,0,0,0.416666667,0.083333333,0.041666667,0.020833333,0.026041667,0.005208333,0.010416667,0.015625,0.005208333,0,0.769230769,0,0,0,0,0,0,0,0,0,0.526315789,0,0,0,0,0,0,0,0,0,22.625,15,0.601328904,0.398671096,0
2.375,0.875,0.730769231,0.269230769,0.352348993,0.117449664,0.088087248,0.020973154,0.025167785,0,0.008389262,0.012583893,0,0,0.438829787,0.08643617,0.033244681,0.019946809,0.026595745,0.006648936,0,0.006648936,0.006648936,0,0.769230769,0,0,0,0,0,0,0,0,0,0.526315789,0,0,0,0,0,0,0,0,0,18.625,11.75,0.613168724,0.386831276,0
2.5,0.625,0.8,0.2,0.388392857,0.116071429,0.022321429,0.049107143,0.013392857,0.017857143,0.017857143,0,0,0,0.35,0.1,0.025,0.025,0.083333333,0.025,0.008333333,0.008333333,0,0,0.769230769,0,0,0,0,0,0,0,0,0,0.526315789,0,0,0,0,0,0,0,0,0,17.5,9.375,0.651162791,0.348837209,0
1.5,1.625,0.48,0.52,0.362394958,0.157563025,0.042016807,0.021008403,0.021008403,0.010504202,0.005252101,0.005252101,0,0,0.525793651,0.054563492,0.009920635,0.009920635,0.004960317,0.009920635,0,0.004960317,0.004960317,0,0.769230769,0,0,0,0,0,0,0,0,0,0.526315789,0,0,0,0,0,0,0,0,0,14.875,15.75,0.485714286,0.514285714,0
2.5,1.125,0.689655172,0.310344828,0.408834586,0.089285714,0.032894737,0.009398496,0.028195489,0.014097744,0.032894737,0,0.009398496,0,0.502336449,0.035046729,0.035046729,0.029205607,0.017523364,0,0,0.005841121,0,0,0.769230769,0,0,0,0,0,0,0,0,0,0.526315789,0,0,0,0,0,0,0,0,0,16.625,13.375,0.554166667,0.445833333,0
2.125,1,0.68,0.32,0.344279661,0.121822034,0.052966102,0.042372881,0.021186441,0.015889831,0.01059322,0.00529661,0.01059322,0,0.424528302,0.070754717,0.047169811,0.029481132,0.017688679,0.023584906,0.005896226,0.005896226,0,0,0.769230769,0,0,0,0,0,0,0,0,0,0.526315789,0,0,0,0,0,0,0,0,0,14.75,13.25,0.526785714,0.473214286,0
1.25,1.875,0.4,0.6,0.395642202,0.091743119,0.080275229,0.017201835,0.017201835,0.005733945,0,0.005733945,0.01146789,0,0.466549296,0.074823944,0.013204225,0.017605634,0.026408451,0.004401408,0.004401408,0.017605634,0,0,0.769230769,0,0,0,0,0,0,0,0,0,0.526315789,0,0,0,0,0,0,0,0,0,13.625,17.75,0.434262948,0.565737052,0
1.25,2.375,0.344827586,0.655172414,0.3515625,0.145089286,0.050223214,0.033482143,0.016741071,0.005580357,0.005580357,0.016741071,0,0,0.370833333,0.083333333,0.054166667,0.066666667,0.0125,0.008333333,0.0125,0.0125,0.004166667,0,0.769230769,0,0,0,0,0,0,0,0,0,0.526315789,0,0,0,0,0,0,0,0,0,14,18.75,0.427480916,0.572519084,0
0.625,2.875,0.178571429,0.821428571,0.35,0.14,0.07,0.03,0.005,0.005,0.01,0.015,0,0,0.325581395,0.090116279,0.066860465,0.040697674,0.043604651,0.014534884,0.011627907,0.023255814,0.00872093,0,0.769230769,0,0,0,0,0,0,0,0,0,0.526315789,0,0,0,0,0,0,0,0,0,15.625,26.875,0.367647059,0.632352941,0
1.25,2,0.384615385,0.615384615,0.352443609,0.122180451,0.07518797,0.042293233,0.023496241,0.004699248,0.004699248,0,0,0,0.326086957,0.112092391,0.057744565,0.050951087,0.023777174,0.030570652,0.013586957,0.006793478,0.003396739,0,0.769230769,0,0,0,0,0,0,0,0,0,0.526315789,0,0,0,0,0,0,0,0,0,16.625,23,0.41955836,0.58044164,0
1,1.875,0.347826087,0.652173913,0.3375,0.175,0.0375,0.0375,0,0,0.0125,0.0125,0.0125,0,0.460069444,0.060763889,0.060763889,0.026041667,0,0.008680556,0,0.008680556,0,0,0.723076923,0.046153846,0,0,0,0,0,0,0,0,0.526315789,0,0,0,0,0,0,0,0,0,6.25,9,0.409836066,0.590163934,0
1,2.125,0.32,0.68,0.351239669,0.123966942,0.06714876,0.030991736,0.005165289,0.015495868,0.015495868,0.010330579,0.005165289,0,0.361201299,0.121753247,0.040584416,0.036525974,0.016233766,0.008116883,0.020292208,0.016233766,0.004058442,0,0.769230769,0,0,0,0,0,0,0,0,0,0.526315789,0,0,0,0,0,0,0,0,0,15.125,19.25,0.44,0.56,0
0.5,2.625,0.16,0.84,0.340447154,0.12195122,0.055894309,0.045731707,0.025406504,0.015243902,0.015243902,0.005081301,0,0,0.310650888,0.088757396,0.055473373,0.036982249,0.040680473,0.025887574,0.00739645,0.044378698,0.014792899,0,0.769230769,0,0,0,0,0,0,0,0,0,0.526315789,0,0,0,0,0,0,0,0,0,15.375,21.125,0.421232877,0.578767123,0
2,1.25,0.615384615,0.384615385,0.326086957,0.15625,0.064538043,0.033967391,0.010190217,0.006793478,0.006793478,0.013586957,0.006793478,0,0.361024845,0.124223602,0.038819876,0.034937888,0.011645963,0.01552795,0.023291925,0.01552795,0,0,0.769230769,0,0,0,0,0,0,0,0,0,0.526315789,0,0,0,0,0,0,0,0,0,23,20.125,0.533333333,0.466666667,0
0.5,2.25,0.181818182,0.818181818,0.283687943,0.181737589,0.039893617,0.039893617,0.022163121,0.017730496,0.022163121,0.008865248,0.008865248,0,0.366586538,0.126201923,0.045072115,0.027043269,0.021033654,0.006009615,0.012019231,0.009014423,0.012019231,0,0.769230769,0,0,0,0,0,0,0,0,0,0.526315789,0,0,0,0,0,0,0,0,0,17.625,26,0.404011461,0.595988539,0
1.5,1.5,0.5,0.5,0.334821429,0.129464286,0.071428571,0.03125,0.017857143,0.022321429,0.008928571,0.004464286,0.004464286,0,0.321557971,0.135869565,0.058876812,0.04076087,0.036231884,0.013586957,0.009057971,0.009057971,0,0,0.769230769,0,0,0,0,0,0,0,0,0,0.526315789,0,0,0,0,0,0,0,0,0,17.5,17.25,0.503597122,0.496402878,0
0.222222222,3,0.068965517,0.931034483,0.344101124,0.105337079,0.03511236,0.070224719,0.021067416,0.028089888,0.007022472,0.014044944,0,0,0.381809339,0.138618677,0.085116732,0.00729572,0.002431907,0.002431907,0.002431907,0.004863813,0,0,0.769230769,0,0,0,0,0,0,0,0,0,0.526315789,0,0,0,0,0,0,0,0,0,9.888888889,28.55555556,0.257225434,0.742774566,0
1.555555556,1.111111111,0.583333333,0.416666667,0.517241379,0.03591954,0.03591954,0.021551724,0.007183908,0,0,0.007183908,0,0,0.537974684,0.071202532,0.007911392,0,0,0,0.007911392,0,0,0,0.769230769,0,0,0,0,0,0,0,0,0,0.526315789,0,0,0,0,0,0,0,0,0,9.666666667,8.777777778,0.524096386,0.475903614,0
0.555555556,2,0.217391304,0.782608696,0.348684211,0.105263158,0.065789474,0.026315789,0.032894737,0.019736842,0.019736842,0.006578947,0,0,0.400943396,0.121855346,0.086477987,0.007861635,0,0.003930818,0.003930818,0,0,0,0.769230769,0,0,0,0,0,0,0,0,0,0.526315789,0,0,0,0,0,0,0,0,0,10.55555556,17.66666667,0.374015748,0.625984252,0
1.111111111,1.444444444,0.434782609,0.565217391,0.512820513,0.048076923,0.032051282,0.024038462,0.008012821,0,0,0,0,0,0.550373134,0.018656716,0.018656716,0.009328358,0.018656716,0.009328358,0,0,0,0,0.769230769,0,0,0,0,0,0,0,0,0,0.526315789,0,0,0,0,0,0,0,0,0,8.666666667,7.444444444,0.537931034,0.462068966,0
0.666666667,2.333333333,0.222222222,0.777777778,0.424679487,0.088141026,0.032051282,0.024038462,0.032051282,0.008012821,0.008012821,0.008012821,0,0,0.508928571,0.089285714,0.013392857,0.004464286,0.004464286,0,0.004464286,0,0,0,0.759368836,0.009861933,0,0,0,0,0,0,0,0,0.526315789,0,0,0,0,0,0,0,0,0,8.666666667,15.55555556,0.357798165,0.642201835,0
0.777777778,1.777777778,0.304347826,0.695652174,0.257009346,0.11682243,0.064252336,0.099299065,0.035046729,0.005841121,0.035046729,0.011682243,0,0,0.447154472,0.076219512,0.030487805,0.025406504,0.015243902,0.015243902,0.010162602,0.005081301,0,0,0.769230769,0,0,0,0,0,0,0,0,0,0.526315789,0,0,0,0,0,0,0,0,0,11.88888889,13.66666667,0.465217391,0.534782609,0
1.222222222,1.777777778,0.407407407,0.592592593,0.430021368,0.090811966,0.050747863,0.024038462,0.013354701,0.010683761,0.00267094,0.00267094,0,0,0.437956204,0.127737226,0.031934307,0.013686131,0.004562044,0,0.009124088,0,0,0,0.769230769,0,0,0,0,0,0,0,0,0,0.526315789,0,0,0,0,0,0,0,0,0,26,30.44444444,0.460629921,0.539370079,0
1.333333333,1.888888889,0.413793103,0.586206897,0.36578341,0.089285714,0.069124424,0.054723502,0.02016129,0.017281106,0.002880184,0.005760369,0,0,0.352083333,0.1125,0.045833333,0.010416667,0.039583333,0.054166667,0.008333333,0.002083333,0,0,0.769230769,0,0,0,0,0,0,0,0,0,0.526315789,0,0,0,0,0,0,0,0,0,24.11111111,33.33333333,0.419729207,0.580270793,0
1.333333333,1.888888889,0.413793103,0.586206897,0.319293478,0.091711957,0.054347826,0.016983696,0.050951087,0.050951087,0.020380435,0.020380435,0,0,0.278024911,0.133451957,0.015569395,0.026690391,0.044483986,0.082295374,0.026690391,0.017793594,0,0,0.769230769,0,0,0,0,0,0,0,0,0,0.526315789,0,0,0,0,0,0,0,0,0,20.44444444,31.22222222,0.395698925,0.604301075,0
1.444444444,1.333333333,0.52,0.48,0.43592437,0.078781513,0.052521008,0.021008403,0.010504202,0.010504202,0.010504202,0.005252101,0,0,0.391221374,0.042938931,0.028625954,0.057251908,0.019083969,0.052480916,0,0.033396947,0,0,0.769230769,0,0,0,0,0,0,0,0,0,0.526315789,0,0,0,0,0,0,0,0,0,13.22222222,14.55555556,0.476,0.524,0
0.444444444,2.666666667,0.142857143,0.857142857,0.44057377,0.081967213,0.051229508,0.010245902,0.005122951,0.020491803,0.015368852,0,0,0,0.528314917,0.048342541,0.024171271,0.006906077,0.003453039,0.006906077,0.003453039,0.003453039,0,0,0.769230769,0,0,0,0,0,0,0,0,0,0.526315789,0,0,0,0,0,0,0,0,0,13.55555556,20.11111111,0.402640264,0.597359736,0
0.444444444,2.555555556,0.148148148,0.851851852,0.375,0.18125,0.0375,0.01875,0,0.00625,0.00625,0,0,0,0.4125,0.13125,0.0375,0.040625,0,0.003125,0,0,0,0,0.769230769,0,0,0,0,0,0,0,0,0,0.526315789,0,0,0,0,0,0,0,0,0,11.11111111,22.22222222,0.333333333,0.666666667,0
2,1.285714286,0.608695652,0.391304348,0.377604167,0.149739583,0.013020833,0.0390625,0.013020833,0.013020833,0.006510417,0.006510417,0.006510417,0,0.496031746,0.109126984,0.009920635,0,0,0,0,0.009920635,0,0,0.769230769,0,0,0,0,0,0,0,0,0,0.526315789,0,0,0,0,0,0,0,0,0,13.71428571,9,0.603773585,0.396226415,0
2.571428571,0.857142857,0.75,0.25,0.492788462,0.084134615,0.024038462,0.012019231,0,0,0.012019231,0,0,0,0.560344828,0.064655172,0,0,0,0,0,0,0,0,0.75443787,0.014792899,0,0,0,0,0,0,0,0,0.526315789,0,0,0,0,0,0,0,0,0,7.428571429,4.142857143,0.641975309,0.358024691,0
1.571428571,1,0.611111111,0.388888889,0.430555556,0.138888889,0.013888889,0.013888889,0.013888889,0,0.013888889,0,0,0,0.504807692,0.120192308,0,0,0,0,0,0,0,0,0.752136752,0.017094017,0,0,0,0,0,0,0,0,0.526315789,0,0,0,0,0,0,0,0,0,6.428571429,3.714285714,0.633802817,0.366197183,0
1.714285714,1.714285714,0.5,0.5,0.343309859,0.061619718,0.044014085,0.052816901,0.026408451,0.017605634,0.052816901,0.017605634,0.008802817,0,0.166666667,0.066666667,0.083333333,0.016666667,0.1,0.091666667,0.05,0.05,0,0,0.758396533,0.010834236,0,0,0,0,0,0,0,0,0.526315789,0,0,0,0,0,0,0,0,0,10.14285714,10.71428571,0.48630137,0.51369863,0
1.142857143,2.285714286,0.333333333,0.666666667,0.268554688,0.087890625,0.078125,0.05859375,0.0390625,0.01953125,0.014648438,0.024414063,0.024414063,0.009765625,0.120614035,0.19371345,0.102339181,0.054824561,0.054824561,0.054824561,0.029239766,0.003654971,0.003654971,0.007309942,0.769230769,0,0,0,0,0,0,0,0,0,0.526315789,0,0,0,0,0,0,0,0,0,18.28571429,24.42857143,0.428093645,0.571906355,0
0.857142857,3,0.222222222,0.777777778,0.330668605,0.072674419,0.061773256,0.054505814,0.029069767,0.021802326,0.018168605,0.014534884,0.018168605,0.003633721,0.251436782,0.126915709,0.093390805,0.076628352,0.052681992,0.01197318,0.007183908,0.002394636,0,0.002394636,0.769230769,0,0,0,0,0,0,0,0,0,0.526315789,0,0,0,0,0,0,0,0,0,24.57142857,37.28571429,0.397228637,0.602771363,0
1.714285714,1.428571429,0.545454545,0.454545455,0.407986111,0.086805556,0.017361111,0.052083333,0.017361111,0.017361111,0.008680556,0,0.008680556,0.008680556,0.477941176,0.119485294,0.009191176,0.009191176,0,0,0,0,0.009191176,0,0.747863248,0.021367521,0,0,0,0,0,0,0,0,0.526315789,0,0,0,0,0,0,0,0,0,10.28571429,9.714285714,0.514285714,0.485714286,0
0.142857143,0.142857143,0.5,0.5,0.3125,0.15625,0,0,0.15625,0,0,0,0,0,0.208333333,0.416666667,0,0,0,0,0,0,0,0,0.448717949,0.128205128,0,0.192307692,0,0,0,0,0,0,0,0.175438596,0.350877193,0,0,0,0,0,0,0,1.714285714,0.428571429,0.8,0.2,0
0.428571429,0,1,0,0.3125,0.104166667,0,0.104166667,0.104166667,0,0,0,0,0,0.625,0,0,0,0,0,0,0,0,0,0.384615385,0.128205128,0.128205128,0.128205128,0,0,0,0,0,0,0,0,0.526315789,0,0,0,0,0,0,0,1.714285714,0.142857143,0.923076923,0.076923077,0
2.285714286,1.428571429,0.615384615,0.384615385,0.418019481,0.085227273,0.044642857,0.004058442,0.020292208,0.024350649,0.016233766,0.008116883,0.004058442,0,0.50625,0.0625,0.025,0.01875,0,0,0,0.00625,0.00625,0,0.769230769,0,0,0,0,0,0,0,0,0,0.526315789,0,0,0,0,0,0,0,0,0,22,14.28571429,0.606299213,0.393700787,0
0.714285714,0.714285714,0.5,0.5,0.230263158,0.098684211,0.197368421,0.032894737,0.032894737,0,0,0,0.032894737,0,0.347222222,0.069444444,0.208333333,0,0,0,0,0,0,0,0.526315789,0.20242915,0,0,0.04048583,0,0,0,0,0,0.292397661,0.233918129,0,0,0,0,0,0,0,0,2.714285714,1.285714286,0.678571429,0.321428571,0
2.571428571,1,0.72,0.28,0.449840764,0.09156051,0.02388535,0.039808917,0.011942675,0,0,0.003980892,0,0.003980892,0.52262931,0.048491379,0.026939655,0,0.016163793,0.005387931,0.005387931,0,0,0,0.769230769,0,0,0,0,0,0,0,0,0,0.526315789,0,0,0,0,0,0,0,0,0,22.42857143,16.57142857,0.575091575,0.424908425,0
0.25,0.333333333,0.428571429,0.571428571,0.2734375,0.15625,0.0390625,0.078125,0.0390625,0.0390625,0,0,0,0,0.3125,0.104166667,0.104166667,0.052083333,0.052083333,0,0,0,0,0,0.336538462,0.240384615,0.048076923,0.096153846,0.048076923,0,0,0,0,0,0.307017544,0.087719298,0.043859649,0.043859649,0.043859649,0,0,0,0,0,1.333333333,1,0.571428571,0.428571429,1
0.75,0.583333333,0.5625,0.4375,0.5078125,0.0390625,0.01953125,0.01953125,0.01953125,0.01953125,0,0,0,0,0.416666667,0,0.104166667,0.041666667,0.041666667,0.020833333,0,0,0,0,0.673076923,0.048076923,0.048076923,0,0,0,0,0,0,0,0.438596491,0.087719298,0,0,0,0,0,0,0,0,2.666666667,2.5,0.516129032,0.483870968,1
1,0.5,0.666666667,0.333333333,0.480769231,0.048076923,0.024038462,0.024038462,0.036057692,0.012019231,0,0,0,0,0.425,0.025,0.1,0.075,0,0,0,0,0,0,0.695266272,0.073964497,0,0,0,0,0,0,0,0,0.421052632,0.105263158,0,0,0,0,0,0,0,0,4.333333333,2.083333333,0.675324675,0.324675325,1
1.166666667,1.25,0.482758621,0.517241379,0.529411765,0.036764706,0.029411765,0.007352941,0.007352941,0.014705882,0,0,0,0,0.563271605,0.023148148,0.007716049,0.007716049,0,0.023148148,0,0,0,0,0.769230769,0,0,0,0,0,0,0,0,0,0.526315789,0,0,0,0,0,0,0,0,0,7.083333333,6.75,0.512048193,0.487951807,1
1.166666667,0.25,0.823529412,0.176470588,0.457317073,0.106707317,0.015243902,0.015243902,0.030487805,0,0,0,0,0,0.476190476,0.05952381,0.029761905,0.05952381,0,0,0,0,0,0,0.712945591,0.056285178,0,0,0,0,0,0,0,0,0.45112782,0.07518797,0,0,0,0,0,0,0,0,3.416666667,1.75,0.661290323,0.338709677,1
0.833333333,0.75,0.526315789,0.473684211,0.431034483,0.107758621,0.021551724,0,0.064655172,0,0,0,0,0,0.543478261,0.027173913,0.027173913,0,0,0.027173913,0,0,0,0,0.663129973,0.026525199,0.079575597,0,0,0,0,0,0,0,0.480549199,0.022883295,0.022883295,0,0,0,0,0,0,0,2.416666667,1.916666667,0.557692308,0.442307692,1
0.875,0.875,0.5,0.5,0.390625,0.0390625,0.0390625,0.0390625,0.078125,0,0,0.0390625,0,0,0.625,0,0,0,0,0,0,0,0,0,0.528846154,0.048076923,0.144230769,0,0.048076923,0,0,0,0,0,0.526315789,0,0,0,0,0,0,0,0,0,2,1.375,0.592592593,0.407407407,1
1.375,0.25,0.846153846,0.153846154,0.48828125,0.0390625,0,0.0390625,0,0,0.0390625,0.01953125,0,0,0.416666667,0.138888889,0.069444444,0,0,0,0,0,0,0,0.673076923,0.048076923,0.048076923,0,0,0,0,0,0,0,0.350877193,0.175438596,0,0,0,0,0,0,0,0,4,1.125,0.780487805,0.219512195,1
1.25,0.375,0.769230769,0.230769231,0.504807692,0.120192308,0,0,0,0,0,0,0,0,0.5,0,0,0,0.0625,0,0,0.0625,0,0,0.769230769,0,0,0,0,0,0,0,0,0,0.421052632,0,0.052631579,0,0,0.052631579,0,0,0,0,3.25,1.25,0.722222222,0.277777778,1
1.875,0.625,0.75,0.25,0.390625,0.0390625,0.09765625,0.01953125,0.01953125,0.01953125,0.0390625,0,0,0,0.480769231,0.096153846,0.048076923,0,0,0,0,0,0,0,0.673076923,0.072115385,0.024038462,0,0,0,0,0,0,0,0.48582996,0.04048583,0,0,0,0,0,0,0,0,4,1.625,0.711111111,0.288888889,1
0.875,0.875,0.5,0.5,0.40625,0.09375,0.03125,0.0625,0.03125,0,0,0,0,0,0.5859375,0.0390625,0,0,0,0,0,0,0,0,0.615384615,0.115384615,0.038461538,0,0,0,0,0,0,0,0.526315789,0,0,0,0,0,0,0,0,0,2.5,2,0.555555556,0.444444444,1
1.25,0.5,0.714285714,0.285714286,0.475,0.025,0.05,0.025,0.025,0.025,0,0,0,0,0.46875,0,0,0.15625,0,0,0,0,0,0,0.676923077,0.092307692,0,0,0,0,0,0,0,0,0.394736842,0,0.065789474,0.065789474,0,0,0,0,0,0,3.125,1,0.757575758,0.242424242,1
1,0.416666667,0.705882353,0.294117647,0.320512821,0.192307692,0.064102564,0.032051282,0,0.016025641,0,0,0,0,0.460526316,0.065789474,0.032894737,0.032894737,0.032894737,0,0,0,0,0,0.690335306,0.059171598,0.019723866,0,0,0,0,0,0,0,0.415512465,0.083102493,0.027700831,0,0,0,0,0,0,0,3.25,1.583333333,0.672413793,0.327586207,1
0.583333333,0.166666667,0.777777778,0.222222222,0.434782609,0.135869565,0.027173913,0,0,0.027173913,0,0,0,0,0.336538462,0.144230769,0.096153846,0.048076923,0,0,0,0,0,0,0.568561873,0.16722408,0,0.033444816,0,0,0,0,0,0,0.32388664,0.08097166,0.12145749,0,0,0,0,0,0,0,1.916666667,1.083333333,0.638888889,0.361111111,1
0.166666667,0.833333333,0.166666667,0.833333333,0.460526316,0.065789474,0,0.065789474,0.032894737,0,0,0,0,0,0.395833333,0.083333333,0.041666667,0.041666667,0.0625,0,0,0,0,0,0.566801619,0.08097166,0.04048583,0.08097166,0,0,0,0,0,0,0.438596491,0.087719298,0,0,0,0,0,0,0,0,1.583333333,2.5,0.387755102,0.612244898,1
0.833333333,0.333333333,0.714285714,0.285714286,0.439814815,0.092592593,0.069444444,0,0,0.023148148,0,0,0,0,0.238095238,0.297619048,0.05952381,0.029761905,0,0,0,0,0,0,0.655270655,0.085470085,0,0.028490028,0,0,0,0,0,0,0.45112782,0.07518797,0,0,0,0,0,0,0,0,2.25,1.75,0.5625,0.4375,1
0.5,0.333333333,0.6,0.4,0.338541667,0.130208333,0.078125,0,0.052083333,0.026041667,0,0,0,0,0.3125,0.1171875,0.078125,0.078125,0.0390625,0,0,0,0,0,0.480769231,0.192307692,0.064102564,0.032051282,0,0,0,0,0,0,0.296052632,0.131578947,0.098684211,0,0,0,0,0,0,0,2,1.333333333,0.6,0.4,1
0.916666667,0.166666667,0.846153846,0.153846154,0.409482759,0.107758621,0.043103448,0.021551724,0.043103448,0,0,0,0,0,0.257352941,0.036764706,0.220588235,0.036764706,0.036764706,0.036764706,0,0,0,0,0.636604775,0.079575597,0.053050398,0,0,0,0,0,0,0,0.216718266,0.247678019,0.030959752,0.030959752,0,0,0,0,0,0,2.416666667,1.416666667,0.630434783,0.369565217,1
1.125,1,0.529411765,0.470588235,0.538793103,0.021551724,0.021551724,0,0.021551724,0.021551724,0,0,0,0,0.601851852,0,0,0,0.023148148,0,0,0,0,0,0.716180371,0.053050398,0,0,0,0,0,0,0,0,0.506822612,0.019493177,0,0,0,0,0,0,0,0,3.625,3.375,0.517857143,0.482142857,1
0.75,1.125,0.4,0.6,0.526315789,0.065789474,0,0.032894737,0,0,0,0,0,0,0.578703704,0.046296296,0,0,0,0,0,0,0,0,0.728744939,0.04048583,0,0,0,0,0,0,0,0,0.526315789,0,0,0,0,0,0,0,0,0,2.375,3.375,0.413043478,0.586956522,1
0.875,0.625,0.583333333,0.416666667,0.555555556,0.069444444,0,0,0,0,0,0,0,0,0.480769231,0.144230769,0,0,0,0,0,0,0,0,0.769230769,0,0,0,0,0,0,0,0,0,0.526315789,0,0,0,0,0,0,0,0,0,2.25,1.625,0.580645161,0.419354839,1
0.875,1,0.466666667,0.533333333,0.46875,0.0625,0.0625,0,0,0,0,0,0.03125,0,0.597826087,0,0,0.027173913,0,0,0,0,0,0,0.653846154,0.076923077,0,0,0.038461538,0,0,0,0,0,0.526315789,0,0,0,0,0,0,0,0,0,2.5,2.875,0.465116279,0.534883721,1
0.875,0.25,0.777777778,0.222222222,0.559210526,0.065789474,0,0,0,0,0,0,0,0,0.480769231,0.096153846,0.048076923,0,0,0,0,0,0,0,0.769230769,0,0,0,0,0,0,0,0,0,0.48582996,0.04048583,0,0,0,0,0,0,0,0,2.375,1.625,0.59375,0.40625,1
1.5,0.875,0.631578947,0.368421053,0.502717391,0.067934783,0.027173913,0.027173913,0,0,0,0,0,0,0.592105263,0.032894737,0,0,0,0,0,0,0,0,0.769230769,0,0,0,0,0,0,0,0,0,0.526315789,0,0,0,0,0,0,0,0,0,5.75,4.75,0.547619048,0.452380952,1
0.875,0.875,0.5,0.5,0.399305556,0.104166667,0.069444444,0,0.034722222,0,0.017361111,0,0,0,0.431034483,0.043103448,0.129310345,0,0.021551724,0,0,0,0,0,0.705128205,0.064102564,0,0,0,0,0,0,0,0,0.508166969,0.01814882,0,0,0,0,0,0,0,0,4.5,3.625,0.553846154,0.446153846,1
1.125,0.25,0.818181818,0.181818182,0.473484848,0.056818182,0,0.018939394,0.037878788,0.018939394,0.018939394,0,0,0,0.288461538,0,0.048076923,0.192307692,0.096153846,0,0,0,0,0,0.675990676,0.093240093,0,0,0,0,0,0,0,0,0.24291498,0.20242915,0.08097166,0,0,0,0,0,0,0,4.125,1.625,0.717391304,0.282608696,1
0.75,0.375,0.666666667,0.333333333,0.294117647,0.147058824,0.036764706,0.018382353,0.036764706,0.036764706,0,0.018382353,0.036764706,0,0.407608696,0.054347826,0,0,0.027173913,0,0.108695652,0.027173913,0,0,0.588235294,0.113122172,0.067873303,0,0,0,0,0,0,0,0.389016018,0.114416476,0.022883295,0,0,0,0,0,0,0,4.25,2.875,0.596491228,0.403508772,1
0.375,0.5,0.428571429,0.571428571,0.284090909,0.056818182,0.113636364,0.056818182,0.085227273,0,0,0,0.028409091,0,0.328947368,0.164473684,0,0.032894737,0.032894737,0.032894737,0.032894737,0,0,0,0.41958042,0.244755245,0.06993007,0.034965035,0,0,0,0,0,0,0.415512465,0.083102493,0.027700831,0,0,0,0,0,0,0,2.75,2.375,0.536585366,0.463414634,1
2,0.875,0.695652174,0.304347826,0.401119403,0.074626866,0.065298507,0.018656716,0.009328358,0.055970149,0,0,0,0,0.46875,0.066964286,0.022321429,0,0.044642857,0,0.022321429,0,0,0,0.769230769,0,0,0,0,0,0,0,0,0,0.488721805,0.037593985,0,0,0,0,0,0,0,0,8.375,3.5,0.705263158,0.294736842,1
0.75,0,1,0,0.386904762,0.05952381,0.05952381,0.029761905,0.05952381,0,0,0.029761905,0,0,0.3125,0.104166667,0.104166667,0,0.104166667,0,0,0,0,0,0.586080586,0.073260073,0.073260073,0.036630037,0,0,0,0,0,0,0.263157895,0.087719298,0.087719298,0,0.087719298,0,0,0,0,0,2.625,0.75,0.777777778,0.222222222,1
1.125,0.375,0.75,0.25,0.3125,0.104166667,0.104166667,0.104166667,0,0,0,0,0,0,0.446428571,0,0.089285714,0,0,0.089285714,0,0,0,0,0.512820513,0.256410256,0,0,0,0,0,0,0,0,0.37593985,0,0.07518797,0,0,0.07518797,0,0,0,0,2.25,0.875,0.72,0.28,1
0.875,0.625,0.583333333,0.416666667,0.270833333,0.041666667,0.041666667,0.0625,0,0.125,0,0.083333333,0,0,0.625,0,0,0,0,0,0,0,0,0,0.435897436,0.230769231,0.102564103,0,0,0,0,0,0,0,0.526315789,0,0,0,0,0,0,0,0,0,3.75,1.375,0.731707317,0.268292683,1
0.75,0.5,0.6,0.4,0.163043478,0.163043478,0.135869565,0,0.081521739,0.027173913,0,0,0.054347826,0,0.454545455,0,0,0,0.056818182,0,0.056818182,0,0.056818182,0,0.468227425,0.133779264,0.100334448,0.066889632,0,0,0,0,0,0,0.38277512,0,0.04784689,0.04784689,0,0.04784689,0,0,0,0,2.875,1.375,0.676470588,0.323529412,1
1.25,0.5,0.714285714,0.285714286,0.321969697,0.056818182,0.018939394,0.151515152,0.037878788,0,0,0.037878788,0,0,0.427631579,0.032894737,0.032894737,0,0.065789474,0,0.032894737,0.032894737,0,0,0.582750583,0.13986014,0.046620047,0,0,0,0,0,0,0,0.415512465,0.055401662,0.055401662,0,0,0,0,0,0,0,4.125,2.375,0.634615385,0.365384615,1
2.375,0.75,0.76,0.24,0.416666667,0.089285714,0.049603175,0.03968254,0.009920635,0.009920635,0.009920635,0,0,0,0.492424242,0.056818182,0.018939394,0.018939394,0.037878788,0,0,0,0,0,0.757020757,0.012210012,0,0,0,0,0,0,0,0,0.526315789,0,0,0,0,0,0,0,0,0,7.875,4.125,0.65625,0.34375,1
0.75,1.375,0.352941176,0.647058824,0.282258065,0.120967742,0.080645161,0.02016129,0.040322581,0.02016129,0.040322581,0,0.02016129,0,0.491071429,0.022321429,0.044642857,0.066964286,0,0,0,0,0,0,0.595533499,0.124069479,0.049627792,0,0,0,0,0,0,0,0.526315789,0,0,0,0,0,0,0,0,0,3.875,3.5,0.525423729,0.474576271,1
0.5,0.25,0.666666667,0.333333333,0.390625,0.104166667,0.026041667,0.026041667,0.078125,0,0,0,0,0,0.333333333,0.083333333,0.041666667,0.166666667,0,0,0,0,0,0,0.608974359,0.064102564,0.096153846,0,0,0,0,0,0,0,0.350877193,0.035087719,0.140350877,0,0,0,0,0,0,0,2,1.25,0.615384615,0.384615385,1
0.5,0.333333333,0.6,0.4,0.340909091,0.113636364,0.028409091,0.056818182,0.056818182,0.028409091,0,0,0,0,0.340909091,0.085227273,0.113636364,0.028409091,0.028409091,0.028409091,0,0,0,0,0.48951049,0.104895105,0.06993007,0.104895105,0,0,0,0,0,0,0.358851675,0.119617225,0.04784689,0,0,0,0,0,0,0,1.833333333,1.833333333,0.5,0.5,1
1.083333333,0.75,0.590909091,0.409090909,0.45212766,0.066489362,0.039893617,0.053191489,0.013297872,0,0,0,0,0,0.458333333,0.083333333,0.020833333,0.020833333,0.041666667,0,0,0,0,0,0.687397709,0.081833061,0,0,0,0,0,0,0,0,0.473684211,0.052631579,0,0,0,0,0,0,0,0,3.916666667,2.5,0.61038961,0.38961039,1
1.166666667,0.5,0.7,0.3,0.46474359,0.048076923,0,0.080128205,0.016025641,0.016025641,0,0,0,0,0.495689655,0.064655172,0.043103448,0,0.021551724,0,0,0,0,0,0.631163708,0.118343195,0.019723866,0,0,0,0,0,0,0,0.508166969,0.01814882,0,0,0,0,0,0,0,0,3.25,2.416666667,0.573529412,0.426470588,1
1.166666667,0.666666667,0.636363636,0.363636364,0.454545455,0.056818182,0.045454545,0.045454545,0.022727273,0,0,0,0,0,0.583333333,0.027777778,0,0,0.013888889,0,0,0,0,0,0.727272727,0.041958042,0,0,0,0,0,0,0,0,0.526315789,0,0,0,0,0,0,0,0,0,4.583333333,3.75,0.55,0.45,1
0.333333333,0.833333333,0.285714286,0.714285714,0.431034483,0.086206897,0.064655172,0.021551724,0.021551724,0,0,0,0,0,0.549242424,0.037878788,0.037878788,0,0,0,0,0,0,0,0.636604775,0.106100796,0.026525199,0,0,0,0,0,0,0,0.526315789,0,0,0,0,0,0,0,0,0,2.416666667,2.75,0.467741935,0.532258065,1
1,0.125,0.888888889,0.111111111,0.170454545,0.227272727,0.056818182,0.056818182,0.056818182,0,0,0.028409091,0.028409091,0,0.208333333,0,0.3125,0.104166667,0,0,0,0,0,0,0.48951049,0.20979021,0,0.06993007,0,0,0,0,0,0,0.087719298,0.087719298,0.175438596,0.175438596,0,0,0,0,0,0,2.75,0.75,0.785714286,0.214285714,1
0,0,0,0,0,0,0,0,0,0,0,0,0,0,0,0,0,0,0,0,0,0,0,0,0,0,0,0,0,0,0,0,0,0,0,0,0,0,0,0,0,0,0,0,0,0,0,0,1
1.75,0.75,0.7,0.3,0.360915493,0.079225352,0.044014085,0.017605634,0.070422535,0.008802817,0.008802817,0.035211268,0,0,0.570175439,0.010964912,0,0.010964912,0.010964912,0,0,0.021929825,0,0,0.725893824,0.043336945,0,0,0,0,0,0,0,0,0.526315789,0,0,0,0,0,0,0,0,0,8.875,7.125,0.5546875,0.4453125,1
0.5,0.25,0.666666667,0.333333333,0.083333333,0,0.291666667,0.083333333,0.041666667,0.083333333,0.041666667,0,0,0,0.416666667,0,0,0,0,0,0,0,0.208333333,0,0.102564103,0.358974359,0.153846154,0.102564103,0.051282051,0,0,0,0,0,0,0.263157895,0.263157895,0,0,0,0,0,0,0,1.875,0.375,0.833333333,0.166666667,1
2.125,0.125,0.944444444,0.055555556,0.472972973,0.050675676,0,0.016891892,0.016891892,0.016891892,0.016891892,0.033783784,0,0,0.104166667,0.208333333,0,0.104166667,0,0.104166667,0.104166667,0,0,0,0.644490644,0.103950104,0.020790021,0,0,0,0,0,0,0,0.087719298,0.087719298,0.087719298,0.087719298,0,0.087719298,0,0.087719298,0,0,4.625,0.75,0.860465116,0.139534884,1
0.25,0.125,0.666666667,0.333333333,0.3125,0,0.234375,0,0,0.078125,0,0,0,0,0.113636364,0.227272727,0.113636364,0.056818182,0.113636364,0,0,0,0,0,0.384615385,0,0.192307692,0.096153846,0,0,0.096153846,0,0,0,0.19138756,0.19138756,0.09569378,0.04784689,0,0,0,0,0,0,1,1.375,0.421052632,0.578947368,1
1.75,0.75,0.7,0.3,0.581395349,0,0,0,0.029069767,0,0,0,0.014534884,0,0.558035714,0.066964286,0,0,0,0,0,0,0,0,0.733452594,0.035778175,0,0,0,0,0,0,0,0,0.526315789,0,0,0,0,0,0,0,0,0,5.375,3.5,0.605633803,0.394366197,1
2.125,0.625,0.772727273,0.227272727,0.5125,0.075,0.0125,0,0.0125,0,0.0125,0,0,0,0.546875,0.078125,0,0,0,0,0,0,0,0,0.753846154,0.015384615,0,0,0,0,0,0,0,0,0.526315789,0,0,0,0,0,0,0,0,0,6.25,2,0.757575758,0.242424242,1
1.125,1.25,0.473684211,0.526315789,0.53125,0.046875,0.015625,0.015625,0,0,0.015625,0,0,0,0.572916667,0.034722222,0.017361111,0,0,0,0,0,0,0,0.75,0.019230769,0,0,0,0,0,0,0,0,0.526315789,0,0,0,0,0,0,0,0,0,5,4.5,0.526315789,0.473684211,1
1,1.25,0.444444444,0.555555556,0.56547619,0.029761905,0.014880952,0,0,0.014880952,0,0,0,0,0.584677419,0.02016129,0,0,0.02016129,0,0,0,0,0,0.750915751,0.018315018,0,0,0,0,0,0,0,0,0.526315789,0,0,0,0,0,0,0,0,0,5.25,3.875,0.575342466,0.424657534,1
1.125,0.375,0.75,0.25,0.347222222,0.173611111,0.104166667,0,0,0,0,0,0,0,0.46875,0.15625,0,0,0,0,0,0,0,0,0.598290598,0.170940171,0,0,0,0,0,0,0,0,0.526315789,0,0,0,0,0,0,0,0,0,2.25,1,0.692307692,0.307692308,1
1.5,0.25,0.857142857,0.142857143,0.604166667,0.020833333,0,0,0,0,0,0,0,0,0.625,0,0,0,0,0,0,0,0,0,0.769230769,0,0,0,0,0,0,0,0,0,0.526315789,0,0,0,0,0,0,0,0,0,3.75,1.375,0.731707317,0.268292683,1
2.625,0.625,0.807692308,0.192307692,0.446428571,0.078125,0.055803571,0.011160714,0,0.022321429,0.011160714,0,0,0,0.45,0.075,0.05,0.025,0.025,0,0,0,0,0,0.741758242,0.027472527,0,0,0,0,0,0,0,0,0.505263158,0.021052632,0,0,0,0,0,0,0,0,7,3.125,0.691358025,0.308641975,1
2.625,0.25,0.913043478,0.086956522,0.375,0.1,0.041666667,0.025,0.025,0.016666667,0.033333333,0.008333333,0,0,0.4296875,0.0390625,0.05859375,0.0390625,0.01953125,0,0.01953125,0.01953125,0,0,0.758974359,0.01025641,0,0,0,0,0,0,0,0,0.476973684,0.049342105,0,0,0,0,0,0,0,0,9.375,4,0.700934579,0.299065421,1
3.125,0.25,0.925925926,0.074074074,0.406976744,0.050872093,0.050872093,0.014534884,0.021802326,0.014534884,0.050872093,0.014534884,0,0,0.514705882,0.036764706,0.073529412,0,0,0,0,0,0,0,0.769230769,0,0,0,0,0,0,0,0,0,0.495356037,0.030959752,0,0,0,0,0,0,0,0,10.75,2.125,0.834951456,0.165048544,1
2.375,0,1,0,0.318627451,0.110294118,0.073529412,0.012254902,0,0.036764706,0.049019608,0.024509804,0,0,0.416666667,0.104166667,0,0,0,0.052083333,0,0.052083333,0,0,0.633484163,0.135746606,0,0,0,0,0,0,0,0,0.438596491,0,0,0.087719298,0,0,0,0,0,0,6.375,1.5,0.80952381,0.19047619,1
2.625,0.625,0.807692308,0.192307692,0.39244186,0.050872093,0.065406977,0.014534884,0.021802326,0.029069767,0.021802326,0.014534884,0.014534884,0,0.504032258,0.040322581,0,0.02016129,0,0,0.02016129,0.040322581,0,0,0.769230769,0,0,0,0,0,0,0,0,0,0.475382003,0.050933786,0,0,0,0,0,0,0,0,10.75,3.875,0.735042735,0.264957265,1
2.625,0.125,0.954545455,0.045454545,0.35326087,0.117753623,0.009057971,0.018115942,0.027173913,0.027173913,0.036231884,0.027173913,0.009057971,0,0.458333333,0.083333333,0,0.041666667,0,0.041666667,0,0,0,0,0.724637681,0.044593088,0,0,0,0,0,0,0,0,0.456140351,0.035087719,0.035087719,0,0,0,0,0,0,0,8.625,1.875,0.821428571,0.178571429,1
2.375,0.75,0.76,0.24,0.408333333,0.075,0.058333333,0.025,0.016666667,0.008333333,0.008333333,0.025,0,0,0.568181818,0,0,0.018939394,0.018939394,0.018939394,0,0,0,0,0.748717949,0.020512821,0,0,0,0,0,0,0,0,0.510366826,0.015948963,0,0,0,0,0,0,0,0,9.375,4.125,0.694444444,0.305555556,1
2.75,0.625,0.814814815,0.185185185,0.402542373,0.095338983,0.042372881,0.021186441,0.01059322,0.031779661,0.00529661,0.015889831,0,0,0.497685185,0.034722222,0.023148148,0.034722222,0.011574074,0,0,0.023148148,0,0,0.769230769,0,0,0,0,0,0,0,0,0,0.526315789,0,0,0,0,0,0,0,0,0,14.75,6.75,0.686046512,0.313953488,1
2.375,0.375,0.863636364,0.136363636,0.4,0.1,0.0125,0.075,0.025,0,0.0125,0,0,0,0.361842105,0.098684211,0.032894737,0.032894737,0,0,0.032894737,0.065789474,0,0,0.753846154,0.015384615,0,0,0,0,0,0,0,0,0.387811634,0.055401662,0.083102493,0,0,0,0,0,0,0,6.25,2.375,0.724637681,0.275362319,1
1.625,0.375,0.8125,0.1875,0.402777778,0.111111111,0.027777778,0.041666667,0.027777778,0,0.013888889,0,0,0,0.394736842,0.065789474,0,0,0.065789474,0,0,0.098684211,0,0,0.752136752,0.017094017,0,0,0,0,0,0,0,0,0.387811634,0.055401662,0.083102493,0,0,0,0,0,0,0,5.625,2.375,0.703125,0.296875,1
2.625,0.125,0.954545455,0.045454545,0.375,0.089285714,0.029761905,0.035714286,0.023809524,0.011904762,0.017857143,0.035714286,0.005952381,0,0.416666667,0.052083333,0.069444444,0,0.034722222,0.017361111,0,0.017361111,0.017361111,0,0.769230769,0,0,0,0,0,0,0,0,0,0.48245614,0.043859649,0,0,0,0,0,0,0,0,13.125,4.5,0.744680851,0.255319149,1
1.875,0.25,0.882352941,0.117647059,0.431818182,0.079545455,0.045454545,0.011363636,0.034090909,0.011363636,0,0.011363636,0,0,0.46875,0.03125,0.03125,0,0.03125,0,0,0.0625,0,0,0.755244755,0.013986014,0,0,0,0,0,0,0,0,0.447368421,0.026315789,0.052631579,0,0,0,0,0,0,0,6.875,2.5,0.733333333,0.266666667,1
1.375,1.125,0.55,0.45,0.375,0.136363636,0.045454545,0.056818182,0.011363636,0,0,0,0,0,0.484693878,0.06377551,0,0.06377551,0.012755102,0,0,0,0,0,0.769230769,0,0,0,0,0,0,0,0,0,0.526315789,0,0,0,0,0,0,0,0,0,6.875,6.125,0.528846154,0.471153846,1
2.25,1.375,0.620689655,0.379310345,0.409722222,0.125,0.055555556,0.020833333,0,0,0.013888889,0,0,0,0.494791667,0.078125,0,0.026041667,0,0.017361111,0,0,0.008680556,0,0.769230769,0,0,0,0,0,0,0,0,0,0.526315789,0,0,0,0,0,0,0,0,0,11.25,9,0.555555556,0.444444444,1
1.125,1.5,0.428571429,0.571428571,0.364583333,0.104166667,0.03125,0.0625,0,0.03125,0.020833333,0.010416667,0,0,0.496031746,0.049603175,0.009920635,0.009920635,0.029761905,0.009920635,0,0.009920635,0.009920635,0,0.730769231,0.038461538,0,0,0,0,0,0,0,0,0.526315789,0,0,0,0,0,0,0,0,0,7.5,7.875,0.487804878,0.512195122,1
2.75,0.75,0.785714286,0.214285714,0.36878882,0.124223602,0.046583851,0.019409938,0.023291925,0.011645963,0.01552795,0.007763975,0.007763975,0,0.490591398,0.080645161,0.040322581,0.00672043,0.00672043,0,0,0,0,0,0.769230769,0,0,0,0,0,0,0,0,0,0.526315789,0,0,0,0,0,0,0,0,0,20.125,11.625,0.633858268,0.366141732,1
1.5,1.875,0.444444444,0.555555556,0.381097561,0.111788618,0.040650407,0.020325203,0.010162602,0.035569106,0.020325203,0.005081301,0,0,0.38,0.1,0.06,0.025,0.005,0.005,0.015,0.015,0.02,0,0.769230769,0,0,0,0,0,0,0,0,0,0.526315789,0,0,0,0,0,0,0,0,0,15.375,15.625,0.495967742,0.504032258,1
1.5,1.875,0.444444444,0.555555556,0.368421053,0.131578947,0.052631579,0.032894737,0,0.019736842,0.013157895,0.006578947,0,0,0.488095238,0.089285714,0.023809524,0,0.011904762,0.005952381,0,0.005952381,0,0,0.769230769,0,0,0,0,0,0,0,0,0,0.526315789,0,0,0,0,0,0,0,0,0,11.875,13.125,0.475,0.525,1
2.25,1.375,0.620689655,0.379310345,0.4609375,0.09765625,0.01953125,0.0234375,0.00390625,0.01171875,0.00390625,0,0.00390625,0,0.483870968,0.060483871,0.040322581,0.015120968,0.010080645,0,0.005040323,0.005040323,0.005040323,0,0.769230769,0,0,0,0,0,0,0,0,0,0.526315789,0,0,0,0,0,0,0,0,0,20,15.5,0.563380282,0.436619718,1
1.625,1.5,0.52,0.48,0.336956522,0.141304348,0.065217391,0.054347826,0.010869565,0,0.005434783,0.010869565,0,0,0.46460177,0.082964602,0.038716814,0.01659292,0.005530973,0.005530973,0.011061947,0,0,0,0.769230769,0,0,0,0,0,0,0,0,0,0.526315789,0,0,0,0,0,0,0,0,0,14.375,14.125,0.504385965,0.495614035,1
2,0.625,0.761904762,0.238095238,0.448717949,0.072115385,0.056089744,0.032051282,0.008012821,0.008012821,0,0,0,0,0.427631579,0.076754386,0.032894737,0.032894737,0.032894737,0,0.021929825,0,0,0,0.769230769,0,0,0,0,0,0,0,0,0,0.526315789,0,0,0,0,0,0,0,0,0,9.75,7.125,0.577777778,0.422222222,1
2.25,1.125,0.666666667,0.333333333,0.36637931,0.15625,0.037715517,0.021551724,0.016163793,0.005387931,0.005387931,0.005387931,0.010775862,0,0.404829545,0.127840909,0.056818182,0,0.007102273,0.007102273,0.014204545,0.007102273,0,0,0.769230769,0,0,0,0,0,0,0,0,0,0.526315789,0,0,0,0,0,0,0,0,0,14.5,11,0.568627451,0.431372549,1
2.125,1.5,0.586206897,0.413793103,0.360738255,0.167785235,0.029362416,0.020973154,0.008389262,0.016778523,0.016778523,0.004194631,0,0,0.461065574,0.097336066,0.040983607,0.010245902,0,0,0.015368852,0,0,0,0.769230769,0,0,0,0,0,0,0,0,0,0.526315789,0,0,0,0,0,0,0,0,0,18.625,15.25,0.549815498,0.450184502,1
1.375,1.5,0.47826087,0.52173913,0.391791045,0.10261194,0.046641791,0.027985075,0.009328358,0.027985075,0.009328358,0.009328358,0,0,0.390625,0.1484375,0.015625,0.03125,0.0078125,0.015625,0,0.015625,0,0,0.757749713,0.011481056,0,0,0,0,0,0,0,0,0.526315789,0,0,0,0,0,0,0,0,0,8.375,10,0.455782313,0.544217687,1
1.625,0.625,0.722222222,0.277777778,0.457089552,0.027985075,0.055970149,0.027985075,0.009328358,0.009328358,0,0.009328358,0.027985075,0,0.510204082,0.06377551,0.012755102,0,0.012755102,0,0.012755102,0,0.012755102,0,0.723306544,0.045924225,0,0,0,0,0,0,0,0,0.515574651,0.010741139,0,0,0,0,0,0,0,0,8.375,6.125,0.577586207,0.422413793,1
2.25,0.5,0.818181818,0.181818182,0.406626506,0.097891566,0.060240964,0,0.015060241,0.00753012,0.00753012,0.030120482,0,0,0.465425532,0.053191489,0.053191489,0.013297872,0.013297872,0,0,0.013297872,0.013297872,0,0.769230769,0,0,0,0,0,0,0,0,0,0.503919373,0.022396417,0,0,0,0,0,0,0,0,10.375,5.875,0.638461538,0.361538462,1
2.125,0.375,0.85,0.15,0.428370787,0.084269663,0.028089888,0.042134831,0.021067416,0.014044944,0,0.007022472,0,0,0.482954545,0.056818182,0.042613636,0.014204545,0,0.014204545,0.014204545,0,0,0,0.769230769,0,0,0,0,0,0,0,0,0,0.526315789,0,0,0,0,0,0,0,0,0,11.125,5.5,0.669172932,0.330827068,1
2,0.625,0.761904762,0.238095238,0.404929577,0.070422535,0.035211268,0.044014085,0.017605634,0.017605634,0.017605634,0.017605634,0,0,0.336538462,0.096153846,0,0.072115385,0,0.024038462,0.048076923,0,0.048076923,0,0.747562297,0.021668472,0,0,0,0,0,0,0,0,0.425101215,0.060728745,0.04048583,0,0,0,0,0,0,0,8.875,3.25,0.731958763,0.268041237,1
2.75,0.375,0.88,0.12,0.422794118,0.105698529,0.032169118,0.013786765,0.022977941,0.013786765,0.004595588,0.004595588,0.004595588,0,0.475746269,0.055970149,0.027985075,0.027985075,0,0.027985075,0,0.009328358,0,0,0.769230769,0,0,0,0,0,0,0,0,0,0.526315789,0,0,0,0,0,0,0,0,0,17,8.375,0.669950739,0.330049261,1
3.125,0.125,0.961538462,0.038461538,0.397245763,0.111228814,0.01059322,0.047669492,0.026483051,0.021186441,0.01059322,0,0,0,0.40625,0.109375,0.015625,0.015625,0.046875,0,0,0.015625,0.015625,0,0.769230769,0,0,0,0,0,0,0,0,0,0.5,0.026315789,0,0,0,0,0,0,0,0,14.75,5,0.746835443,0.253164557,1
2.875,0.25,0.92,0.08,0.43504902,0.079656863,0.018382353,0.018382353,0.030637255,0.006127451,0.018382353,0.012254902,0.006127451,0,0.463709677,0.060483871,0.040322581,0.02016129,0,0,0,0.040322581,0,0,0.769230769,0,0,0,0,0,0,0,0,0,0.492359932,0.033955857,0,0,0,0,0,0,0,0,12.75,3.875,0.766917293,0.233082707,1
2.25,0.625,0.782608696,0.217391304,0.371287129,0.099009901,0.055693069,0.030940594,0.012376238,0.018564356,0.030940594,0.006188119,0,0,0.444915254,0.084745763,0.01059322,0.021186441,0,0.021186441,0.01059322,0.01059322,0.021186441,0,0.769230769,0,0,0,0,0,0,0,0,0,0.526315789,0,0,0,0,0,0,0,0,0,12.625,7.375,0.63125,0.36875,1
3,0.25,0.923076923,0.076923077,0.421099291,0.101950355,0.022163121,0.013297872,0.008865248,0.022163121,0.017730496,0.008865248,0.008865248,0,0.51056338,0.061619718,0.026408451,0.008802817,0,0,0.008802817,0,0.008802817,0,0.769230769,0,0,0,0,0,0,0,0,0,0.526315789,0,0,0,0,0,0,0,0,0,17.625,8.875,0.66509434,0.33490566,1
2.125,0.375,0.85,0.15,0.40922619,0.074404762,0.052083333,0.029761905,0.014880952,0.007440476,0,0.014880952,0.022321429,0,0.477941176,0.049019608,0.036764706,0.012254902,0.012254902,0,0,0.024509804,0.012254902,0,0.76007326,0.009157509,0,0,0,0,0,0,0,0,0.515995872,0.010319917,0,0,0,0,0,0,0,0,10.5,6.375,0.622222222,0.377777778,1
1.75,0.875,0.666666667,0.333333333,0.471014493,0.072463768,0.018115942,0.009057971,0.027173913,0.018115942,0,0.009057971,0,0,0.4125,0.0875,0.0125,0.0375,0.025,0.025,0.0125,0,0.0125,0,0.758082497,0.011148272,0,0,0,0,0,0,0,0,0.515789474,0.010526316,0,0,0,0,0,0,0,0,8.625,6.25,0.579831933,0.420168067,1
2.875,0.25,0.92,0.08,0.404829545,0.085227273,0.042613636,0.028409091,0.014204545,0.028409091,0.007102273,0.007102273,0.007102273,0,0.411184211,0.049342105,0.065789474,0.016447368,0.032894737,0.016447368,0.032894737,0,0,0,0.769230769,0,0,0,0,0,0,0,0,0,0.498614958,0.027700831,0,0,0,0,0,0,0,0,11,4.75,0.698412698,0.301587302,1
1.875,0,1,0,0.416666667,0.081018519,0.069444444,0.011574074,0,0.023148148,0,0.011574074,0.011574074,0,0.3125,0.113636364,0.113636364,0.056818182,0,0,0,0,0.028409091,0,0.726495726,0.042735043,0,0,0,0,0,0,0,0,0.454545455,0.04784689,0.023923445,0,0,0,0,0,0,0,6.75,2.75,0.710526316,0.289473684,1
1.75,0.75,0.7,0.3,0.386904762,0.109126984,0.01984127,0.01984127,0,0.029761905,0.049603175,0.009920635,0,0,0.332446809,0.106382979,0.066489362,0.013297872,0.039893617,0.013297872,0.026595745,0,0.026595745,0,0.695970696,0.073260073,0,0,0,0,0,0,0,0,0.503919373,0.022396417,0,0,0,0,0,0,0,0,7.875,5.875,0.572727273,0.427272727,1
1.375,0.875,0.611111111,0.388888889,0.390625,0.15625,0.048828125,0.009765625,0,0,0.01953125,0,0,0,0.397727273,0.071022727,0.028409091,0,0.028409091,0.028409091,0.014204545,0.028409091,0.028409091,0,0.745192308,0.024038462,0,0,0,0,0,0,0,0,0.4784689,0.04784689,0,0,0,0,0,0,0,0,8,5.5,0.592592593,0.407407407,1
2.5,0.375,0.869565217,0.130434783,0.461956522,0.076086957,0.038043478,0.016304348,0,0,0.02173913,0.010869565,0,0,0.462962963,0.05787037,0.011574074,0.011574074,0.023148148,0.034722222,0.023148148,0,0,0,0.769230769,0,0,0,0,0,0,0,0,0,0.526315789,0,0,0,0,0,0,0,0,0,14.375,6.75,0.680473373,0.319526627,1
2.5,0.25,0.909090909,0.090909091,0.349462366,0.080645161,0.073924731,0.053763441,0.00672043,0.01344086,0.02688172,0.00672043,0.01344086,0,0.439814815,0.034722222,0.023148148,0.011574074,0.023148148,0.069444444,0.023148148,0,0,0,0.769230769,0,0,0,0,0,0,0,0,0,0.526315789,0,0,0,0,0,0,0,0,0,11.625,6.75,0.632653061,0.367346939,1
2.125,0.875,0.708333333,0.291666667,0.334821429,0.178571429,0.033482143,0.011160714,0.011160714,0.033482143,0,0.022321429,0,0,0.472560976,0.030487805,0.030487805,0,0,0.030487805,0.030487805,0.015243902,0.015243902,0,0.700549451,0.068681319,0,0,0,0,0,0,0,0,0.474967908,0.051347882,0,0,0,0,0,0,0,0,7,5.125,0.577319588,0.422680412,1
2.25,0.5,0.818181818,0.181818182,0.404411765,0.117647059,0.022058824,0.014705882,0.022058824,0.014705882,0.007352941,0.014705882,0.007352941,0,0.3515625,0.05859375,0.01953125,0,0.05859375,0.0390625,0.078125,0.01953125,0,0,0.769230769,0,0,0,0,0,0,0,0,0,0.394736842,0.131578947,0,0,0,0,0,0,0,0,10.625,4,0.726495726,0.273504274,1
2.5,0.25,0.909090909,0.090909091,0.40922619,0.081845238,0.014880952,0.05952381,0.007440476,0.014880952,0.022321429,0.007440476,0.007440476,0,0.45212766,0.026595745,0.039893617,0.039893617,0,0,0.039893617,0,0.026595745,0,0.769230769,0,0,0,0,0,0,0,0,0,0.503919373,0.022396417,0,0,0,0,0,0,0,0,10.5,5.875,0.641221374,0.358778626,1
3.125,0.25,0.925925926,0.074074074,0.422619048,0.083333333,0.035714286,0.011904762,0.011904762,0.029761905,0.017857143,0.011904762,0,0,0.459558824,0.036764706,0.018382353,0.018382353,0.018382353,0,0.018382353,0.018382353,0.036764706,0,0.769230769,0,0,0,0,0,0,0,0,0,0.464396285,0.061919505,0,0,0,0,0,0,0,0,13.125,4.25,0.755395683,0.244604317,1
2.625,0.375,0.875,0.125,0.436046512,0.058139535,0.036337209,0.036337209,0.007267442,0.021802326,0.021802326,0.007267442,0,0,0.338541667,0.026041667,0,0.052083333,0.078125,0.026041667,0.026041667,0.026041667,0.052083333,0,0.769230769,0,0,0,0,0,0,0,0,0,0.328947368,0.153508772,0.043859649,0,0,0,0,0,0,0,10.75,3,0.781818182,0.218181818,1
2.5,0.375,0.869565217,0.130434783,0.443181818,0.079545455,0.022727273,0.022727273,0.017045455,0.005681818,0.017045455,0.005681818,0.011363636,0,0.426829268,0.030487805,0.030487805,0.015243902,0.030487805,0.015243902,0,0.045731707,0.030487805,0,0.769230769,0,0,0,0,0,0,0,0,0,0.462130937,0.064184852,0,0,0,0,0,0,0,0,13.75,5.125,0.728476821,0.271523179,1
3.125,0,1,0,0.426682692,0.042067308,0.066105769,0.012019231,0.024038462,0.018028846,0.006009615,0.012019231,0.018028846,0,0.340909091,0.028409091,0.028409091,0.028409091,0.028409091,0.028409091,0.028409091,0.085227273,0.028409091,0,0.769230769,0,0,0,0,0,0,0,0,0,0.33492823,0.071770335,0.119617225,0,0,0,0,0,0,0,13,2.75,0.825396825,0.174603175,1
3.25,0.125,0.962962963,0.037037037,0.430389222,0.101047904,0.04491018,0.02245509,0.011227545,0.00748503,0.003742515,0.003742515,0,0,0.466101695,0.031779661,0.021186441,0.021186441,0.01059322,0.031779661,0.021186441,0.01059322,0.01059322,0,0.769230769,0,0,0,0,0,0,0,0,0,0.526315789,0,0,0,0,0,0,0,0,0,20.875,7.375,0.738938053,0.261061947,1
3,0.375,0.888888889,0.111111111,0.415372671,0.093167702,0.023291925,0.023291925,0.019409938,0.023291925,0.019409938,0.003881988,0.003881988,0,0.446428571,0.069444444,0.01984127,0.01984127,0.029761905,0.01984127,0.009920635,0.009920635,0,0,0.769230769,0,0,0,0,0,0,0,0,0,0.526315789,0,0,0,0,0,0,0,0,0,20.125,7.875,0.71875,0.28125,1
2.375,0.625,0.791666667,0.208333333,0.39943609,0.098684211,0.037593985,0.018796992,0.004699248,0.014097744,0.018796992,0.028195489,0.004699248,0,0.455508475,0.031779661,0.021186441,0.01059322,0.021186441,0.021186441,0.031779661,0.031779661,0,0,0.769230769,0,0,0,0,0,0,0,0,0,0.526315789,0,0,0,0,0,0,0,0,0,16.625,7.375,0.692708333,0.307291667,1
2.625,0.5,0.84,0.16,0.389254386,0.153508772,0.027412281,0.005482456,0.010964912,0.027412281,0.005482456,0.005482456,0,0,0.405701754,0.120614035,0.043859649,0,0.010964912,0.032894737,0,0.010964912,0,0,0.769230769,0,0,0,0,0,0,0,0,0,0.526315789,0,0,0,0,0,0,0,0,0,14.25,7.125,0.666666667,0.333333333,1
2.5,0.75,0.769230769,0.230769231,0.408834586,0.093984962,0.037593985,0.028195489,0.009398496,0.014097744,0.009398496,0.018796992,0.004699248,0,0.394345238,0.066964286,0.029761905,0.029761905,0.007440476,0.029761905,0.014880952,0.029761905,0.022321429,0,0.769230769,0,0,0,0,0,0,0,0,0,0.526315789,0,0,0,0,0,0,0,0,0,16.625,10.5,0.612903226,0.387096774,1
2.625,0.625,0.807692308,0.192307692,0.447247706,0.080275229,0.01146789,0.03440367,0.005733945,0.017201835,0.005733945,0.01146789,0.01146789,0,0.480769231,0.028846154,0,0.019230769,0.028846154,0.028846154,0.019230769,0.009615385,0.009615385,0,0.769230769,0,0,0,0,0,0,0,0,0,0.526315789,0,0,0,0,0,0,0,0,0,13.625,8.125,0.626436782,0.373563218,1
1.083333333,0.5,0.684210526,0.315789474,0.456730769,0.048076923,0.024038462,0.048076923,0.048076923,0,0,0,0,0,0.5,0.041666667,0,0.020833333,0.0625,0,0,0,0,0,0.680473373,0.088757396,0,0,0,0,0,0,0,0,0.456140351,0.070175439,0,0,0,0,0,0,0,0,4.333333333,2.5,0.634146341,0.365853659,1
1.083333333,0.333333333,0.764705882,0.235294118,0.544871795,0,0.032051282,0.032051282,0,0.016025641,0,0,0,0,0.4375,0.09375,0.0625,0.03125,0,0,0,0,0,0,0.690335306,0.059171598,0.019723866,0,0,0,0,0,0,0,0.447368421,0.078947368,0,0,0,0,0,0,0,0,3.25,1.666666667,0.661016949,0.338983051,1
1.166666667,0.166666667,0.875,0.125,0.487804878,0.045731707,0,0.06097561,0.015243902,0.015243902,0,0,0,0,0.35326087,0.135869565,0.054347826,0.027173913,0.054347826,0,0,0,0,0,0.656660413,0.09380863,0.018761726,0,0,0,0,0,0,0,0.411899314,0.114416476,0,0,0,0,0,0,0,0,3.416666667,1.916666667,0.640625,0.359375,1
1.666666667,0.25,0.869565217,0.130434783,0.491071429,0.055803571,0.022321429,0.055803571,0,0,0,0,0,0,0.442708333,0.052083333,0.052083333,0.078125,0,0,0,0,0,0,0.741758242,0.027472527,0,0,0,0,0,0,0,0,0.416666667,0.109649123,0,0,0,0,0,0,0,0,4.666666667,2,0.7,0.3,1
1.25,0.583333333,0.681818182,0.318181818,0.477941176,0.073529412,0.012254902,0.049019608,0.012254902,0,0,0,0,0,0.422794118,0.073529412,0.073529412,0.036764706,0.018382353,0,0,0,0,0,0.693815988,0.075414781,0,0,0,0,0,0,0,0,0.479876161,0.046439628,0,0,0,0,0,0,0,0,4.25,2.833333333,0.6,0.4,1
0.25,0.5,0.333333333,0.666666667,0.40625,0,0.03125,0.1875,0,0,0,0,0,0,0.4,0.125,0.025,0.05,0,0.025,0,0,0,0,0.5,0,0.269230769,0,0,0,0,0,0,0,0.463157895,0.042105263,0.021052632,0,0,0,0,0,0,0,1.666666667,2.083333333,0.444444444,0.555555556,1
2,1.25,0.615384615,0.384615385,0.449695122,0.106707317,0.022865854,0.015243902,0.015243902,0.015243902,0,0,0,0,0.574596774,0.02016129,0,0,0.02016129,0.010080645,0,0,0,0,0.769230769,0,0,0,0,0,0,0,0,0,0.526315789,0,0,0,0,0,0,0,0,0,10.25,7.75,0.569444444,0.430555556,1
2,1.25,0.615384615,0.384615385,0.572289157,0.030120482,0.011295181,0.00753012,0,0,0.00376506,0,0,0,0.588662791,0.029069767,0.007267442,0,0,0,0,0,0,0,0.769230769,0,0,0,0,0,0,0,0,0,0.526315789,0,0,0,0,0,0,0,0,0,20.75,10.75,0.658730159,0.341269841,1
1,0.875,0.533333333,0.466666667,0.416666667,0,0.089285714,0.05952381,0.029761905,0.029761905,0,0,0,0,0.541666667,0.041666667,0,0.041666667,0,0,0,0,0,0,0.549450549,0.183150183,0.036630037,0,0,0,0,0,0,0,0.49122807,0.035087719,0,0,0,0,0,0,0,0,2.625,1.875,0.583333333,0.416666667,1
1.125,0.875,0.5625,0.4375,0.384615385,0.120192308,0.072115385,0.024038462,0,0.024038462,0,0,0,0,0.35326087,0.081521739,0.027173913,0,0.081521739,0.054347826,0,0.027173913,0,0,0.680473373,0.059171598,0.029585799,0,0,0,0,0,0,0,0.389016018,0.114416476,0.022883295,0,0,0,0,0,0,0,3.25,2.875,0.530612245,0.469387755,1
0.625,2,0.238095238,0.761904762,0.491071429,0,0.089285714,0,0,0.044642857,0,0,0,0,0.342741935,0.241935484,0.040322581,0,0,0,0,0,0,0,0.604395604,0.10989011,0,0.054945055,0,0,0,0,0,0,0.526315789,0,0,0,0,0,0,0,0,0,1.75,3.875,0.311111111,0.688888889,1
0.125,0.5,0.2,0.8,0.1953125,0.15625,0.0390625,0.0390625,0,0.0390625,0.0390625,0.078125,0.0390625,0,0.227272727,0.170454545,0.056818182,0.056818182,0.056818182,0,0,0.056818182,0,0,0.240384615,0.288461538,0,0.096153846,0.096153846,0.048076923,0,0,0,0,0.33492823,0.09569378,0.04784689,0,0.04784689,0,0,0,0,0,2,1.375,0.592592593,0.407407407,1
0.25,0,1,0,0.208333333,0.052083333,0,0,0.15625,0.15625,0,0.052083333,0,0,0.104166667,0,0.3125,0,0,0.104166667,0,0.104166667,0,0,0.256410256,0.064102564,0,0.192307692,0.192307692,0,0.064102564,0,0,0,0.087719298,0,0.087719298,0.175438596,0,0.087719298,0,0,0.087719298,0,1.5,0.75,0.666666667,0.333333333,1
0.25,0.125,0.666666667,0.333333333,0.208333333,0,0.208333333,0.052083333,0,0.052083333,0.052083333,0,0.052083333,0,0.208333333,0,0,0,0.416666667,0,0,0,0,0,0.256410256,0,0.256410256,0.064102564,0.064102564,0.064102564,0.064102564,0,0,0,0,0.526315789,0,0,0,0,0,0,0,0,1.5,0.375,0.8,0.2,1
0.125,0.5,0.2,0.8,0.15625,0.052083333,0,0,0.052083333,0,0.3125,0.052083333,0,0,0.277777778,0.138888889,0,0.069444444,0.138888889,0,0,0,0,0,0.256410256,0,0,0.064102564,0,0.384615385,0.064102564,0,0,0,0.292397661,0.058479532,0.058479532,0.116959064,0,0,0,0,0,0,1.5,1.125,0.571428571,0.428571429,1
0.625,0.25,0.714285714,0.285714286,0.15625,0.078125,0,0.078125,0.130208333,0.104166667,0.026041667,0,0.052083333,0,0.113636364,0.170454545,0.056818182,0.056818182,0.227272727,0,0,0,0,0,0.288461538,0.256410256,0.16025641,0.064102564,0,0,0,0,0,0,0.23923445,0.09569378,0.19138756,0,0,0,0,0,0,0,3,1.375,0.685714286,0.314285714,1
0.375,0.5,0.428571429,0.571428571,0.166666667,0.041666667,0.041666667,0.041666667,0.083333333,0.041666667,0.083333333,0.041666667,0.083333333,0,0.336538462,0.144230769,0.096153846,0.048076923,0,0,0,0,0,0,0.256410256,0.051282051,0.153846154,0.051282051,0.153846154,0.102564103,0,0,0,0,0.4048583,0.12145749,0,0,0,0,0,0,0,0,1.875,1.625,0.535714286,0.464285714,1
